correct_answer;question;wrong_answer
"la Gran Bretagna";"Con il blocco continentale Napoleone si proponeva di isolare commercialmente:";"la Francia|la Prussia|l'Impero Ottomano"
"Nel XVIII secolo";"In quale secolo si affermò in Europa il cosiddetto dispotismo illuminato?";"Nel XIII secolo|Nel XIX secolo|Nel XX secolo"
"Nei primi decenni del XVI secolo";"Cronologicamente, in quale periodo si colloca il movimento della Riforma protestante avviata da Martin Lutero?";"Nel XIV secolo|Nel XVIII secolo|Nella seconda metà del IX secolo"
"nel luglio 1776";"La Dichiarazione d'indipendenza americana venne firmata:";"nel luglio 1789|nell'agosto 1848|nell'aprile 1603"
"Agli ultimi decenni del XVIII secolo";"A quale periodo risale l'inizio della Rivoluzione industriale inglese?";"Alla fine del XVI secolo|Alla fine del XVII secolo|Alla seconda metà del XIX secolo"
"Nel XIII secolo";"In quale epoca si collocano i viaggi del mercante veneziano Marco Polo?";"Al principio del XX secolo|Nel XVII secolo|Tra il XVI e il XVII secolo"
"le classi popolari";"La Comune di Parigi, nel 1792, rappresentava:";"i nobili|il clero|il re e i suoi cortigiani"
"sul Mare del Nord";"La lega anseatica o Hansa, fu un'associazione commerciale tra città marittime che, particolarmente a partire dal XIV secolo, esercitò la sua influenza: ";"sul Mar della Sonda|sull'area danubiana|sull'Oceano Indiano"
"del Concilio di Trento";"A metà del Cinquecento, una vera e propria riorganizzazione della Chiesa cattolica fu compiuta ad opera: ";"del Concilio di Nicea|dell'Editto di Nantes|dell'Editto di Worms"
"dai lanzichenecchi di Carlo V";"Il sacco di Roma del 1527 fu portato a termine:";"dai mercenari dei Savoia|dalle guardie scelte persiane|dalle guardie svizzere del Papa"
"nella seconda metà del XV secolo";"Lorenzo de' Medici svolse la propria attività politica e culturale:";"nel XIII secolo|nel XVIII secolo|nell'XI secolo"
"la Dichiarazione dei diritti dell'uomo e del cittadino";"Il 26 agosto 1789 venne approvata:";"la Costituzione della Comune di Parigi|la decapitazione del re Luigi XVI|la messa al bando dei giacobini"
"dopo il regime del Terrore";"Nell'ambito della Rivoluzione francese, il periodo detto Termidoro si colloca cronologicamente:";"prima del 1789|prima della morte del sovrano Luigi XVI|prima della morte di Maria Antonietta"
"l'opposizione reazionaria al governo dei giacobini";"Nel corso della Rivoluzione francese, il termine Terrore bianco indica:";"il governo di Napoleone durante i cento giorni|la polizia segreta rivoluzionaria|una tecnica militare"
"i rivoluzionari moderati";"Durante la Rivoluzione francese, i girondini erano:";"i poliziotti municipali|i rivoluzionari estremisti|i sostenitori del re"
"Al XIV secolo";"A quale secolo risale l'inizio della guerra dei cent'anni tra Francia e Inghilterra?";"Al XIX secolo|Al XVII secolo|Al XVIII secolo"
1545-1563;"A quale periodo risale il Concilio di Trento?";1765-1782|1815-1818|1963-1965
"Una prigione per detenuti politici";"Cos'era la Bastiglia prima della Rivoluzione francese?";"La casa di Robespierre|La sede del governo provvisorio|La sede dell'Arcivescovado"
"La presa della Bastiglia";"Quale importante evento si verificò in Francia nel luglio 1789?";"La cacciata della famiglia reale dal palazzo di Versailles|L'incoronazione di Napoleone|L'uccisione di Robespierre"
"recinzioni di terre che una volta appartenevano alla comunità di villaggio";"Le enclosures, che si diffusero in Inghilterra nel corso del Settecento, erano:";"associazioni di lavoratori agricoli|contratti agricoli che prevedevano la divisione a metà del raccolto tra contadini e proprietari terrieri|i salari con cui venivano pagati i contadini stagionali"
Diciottesimo;"In quale secolo nacque Napoleone Bonaparte?";Diciannovesimo|Quattordicesimo|Quindicesimo
"Il terzo stato";"Quale ceto sociale era più numeroso all'interno degli Stati generali, alla vigilia della Rivoluzione francese?";"Il clero|Il quarto stato|La nobiltà"
"Dichiarazione dei diritti dell'uomo e del cittadino";"Il 26 agosto 1789 venne approvata la:";"Costituzione della Comune di Parigi|decapitazione del re Luigi XVI|distribuzione delle terre nazionalizzate ai contadini"
ghigliottinato;"Il 28 luglio 1794, Maximilien Robespierre fu:";"eletto re|esiliato|nominato Presidente della Repubblica francese"
antispagnola;"Nel 1647, Masaniello guidò a Napoli una rivolta popolare:";"appoggiata dai Turchi|contro il Piemonte dei Savoia|finanziata dai mercanti olandesi"
"la capitale di un regno arabo";"Fino alla fine del XV secolo, Granada fu:";"il capoluogo di un territorio pontificio|la capitale di una satrapia ottomana|la più importante città dei possedimenti spagnoli nelle Americhe"
"A cavallo tra XVIII e XIX secolo";"A livello cronologico, quando si collocano le imprese militari di Napoleone Bonaparte in Italia?";"Agli inizi del XVII secolo|Nella prima metà del XVIII secolo|Nella seconda metà del XIX secolo"
"alla fine del XVIII secolo";"La Dichiarazione d'indipendenza degli Stati Uniti risale:";"alla fine del X secolo|alla metà del IX secolo|alla prima metà del XIII secolo"
"Il governo rivoluzionario di Parigi sorto al termine della guerra franco-prussiana";"In riferimento alla storia di Francia, cos'era la Comune?";"Il carcere di Parigi in epoca napoleonica|La corte di giustizia militare durante il Terrore|Una pubblicazione girondina"
Robespierre;"Quale dei seguenti personaggi occupò un ruolo di primissimo piano nella fase del Terrore durante la Rivoluzione francese?";"Bonaparte|Lafayette|Luigi XV"
1789;"La Rivoluzione francese scoppiò nel:";1860|1879|1978
"dal Mediterraneo all'Europa del Nord";"Nei secoli XV-XVI il fulcro economico e culturale del mondo occidentale si spostò:";"dal Mediterraneo all'Oceano Atlantico|dall'Europa del Nord al Mediterraneo|dall'Oceano Atlantico a quello Pacifico"
"di salute pubblica";"Nel 1793, Robespierre era a capo del Comitato:";"dei poveri|della cultura|legalitario"
"i borghesi moderati";"Durante la Rivoluzione francese, nella fase successiva a quella del Terrore, presero il potere i termidoriani, che erano: ";"gli uomini di Napoleone|i clericali reazionari|i nobili fedeli al re"
"i protestanti ugonotti";"Nel 1572, le vittime del massacro della notte di San Bartolomeo furono:";"i frati francescani|i navigatori portoghesi|le guardie svizzere"
"Nel 1815";"Quando si colloca il periodo dei cento giorni nell'ambito dell'età napoleonica?";"Durante la presa della Bastiglia|Nel 1799|Prima dell'incoronazione di Napoleone a imperatore"
"I giacobini";"Durante la Rivoluzione francese, quale tra i seguenti gruppi politici fu guidato dal rivoluzionario Robespierre? ";"Gli anarchici|I lealisti|I termidoriani"
"Nella seconda metà del XV secolo";"A livello cronologico, quando si colloca l'attività politica e culturale di Lorenzo de' Medici?";"Nel XIII secolo|Nel XVIII secolo|Nella prima metà del XVII secolo"
"Al 1776";"A quale anno risale la Dichiarazione d'indipendenza degli Stati Uniti?";"Al 1235|Al 848|Al 980"
XIV;"La guerra dei cent'anni tra Francia e Inghilterra risale al secolo:";X|XIX|XX
1453;"La guerra dei cent'anni finì nel:";1051|1237|1711
"I discendenti dei coloni olandesi";"Chi erano i Boeri stanziati in Sudafrica?";"Gli oppositori al regime degli orangisti|Un gruppo etnico asiatico|Una popolazione indigena africana"
1787;"La Costituzione americana venne emanata nel:";1750|1815|1846
americana;"Nel 1776, fu pronunciata la Dichiarazione d'indipendenza:";francese|inglese|olandese
1815;"La sconfitta napoleonica di Waterloo avvenne nell'anno:";1789|1802|1857
"Dopo il regime del Terrore";"Quando si colloca il periodo detto Termidoro nell'ambito della Rivoluzione francese?";"Dopo l'incoronazione di Napoleone|Prima della decapitazione di Luigi XVI|Prima della decapitazione di Maria Antonietta"
"i rivoluzionari moderati";"I girondini, durante la Rivoluzione francese, erano:";"gli alleati dei controrivoluzionari|i militari di carriera|i sostenitori dela monarchia"
Germania;"Quale dei seguenti Paesi fu maggiormente devastato dalla guerra dei trent'anni che insanguinò l'Europa dal 1618 al 1648?";Grecia|Irlanda|Portogallo
"L'opposizione reazionaria al governo dei giacobini";"Nel corso della Rivoluzione francese, cos'era il Terrore bianco?";"Il governo di Napoleone durante i cento giorni|La rivolta dei contadini|Le ronde effettuate dai contadini cattolici integralisti"
"i contadini";"Nel 1793, la rivolta che scoppiò in Vandea contro la Rivoluzione francese ebbe come protagonisti:";"i mercenari|i militari di carriera|i nobili"
"I contadini";"Chi diede vita, nel 1793, alla rivolta che scoppiò in Vandea contro la Rivoluzione francese?";"Gli aristocratici|I clericali|I militari di carriera"
"alla metà del XVI secolo";"Il Concilio di Trento risale:";"al finire del XIX secolo|alla metà del XX secolo|all'inizio del XIX secolo"
"Tutti i sudditi francesi non appartenenti alla nobiltà e al clero";"Chi costituiva il Terzo Stato?";"Gli appartenenti alla nobiltà di spada|I proprietari terrieri|Tutti i borghesi"
"un movimento ideologico e culturale, che si diffuse nell'Europa del Settecento";"L'Illuminismo fu:";"un movimento anglicano precursore del luddismo|una corrente pittorica seicentesca celebre per la particolare luminosità dei dipint i|una setta ereticale spagnola del tardo Cinquecento"
"nell'Inghilterra del XVIII secolo";"La Rivoluzione industriale ha origine:";"nella Francia del XVII secolo|nella Russia del XX secolo|nell'America del XIX secolo"
inglese;"Nel 1588, l'Invencible Armada spagnola fu pesantemente sconfitta dalla flotta:";francese|italiana|russa
repubblica;"Dopo la condanna a morte del re, nel 1793 la Francia divenne una:";"monarchia assoluta|monarchia costituzionale|repubblica federale"
Olanda;"Nel 1579, fu fondata la Repubblica delle Province Unite, chiamata anche:";Algeria|Svezia|Ungheria
"Napoleone Bonaparte";"Chi costituì la Repubblica cisalpina in Italia, nel 1797?";"Horatio Nelson|Maria Teresa d'Austria|Papa Pio VI"
"L'organo di governo supremo composto da cinque persone, a capo della Repubblica";"Durante la Rivoluzione francese, cos'era il Direttorio?";"Il carcere di Parigi predisposto per i nobili e i conservatori|Il luogo in cui si rifugiavano i rivoluzionari giacobini durante il Terrore bianco|La sede del monarca francese in esilio"
"Pietro Badoglio";"Quale uomo politico italiano fu nominato capo del Governo nel 1943?";"Antonio Segni|Giuseppe Saragat|Palmiro Togliatti"
"negli anni Trenta del Novecento";"L'invasione italiana dell'Etiopia è avvenuta:";"negli anni Cinquanta del Novecento|negli anni Dieci del Novecento|negli anni Novanta dell'Ottocento"
"fu attaccata dall'Italia";"Nell'ottobre 1940 la Grecia:";"dichiarò la propria neutralità|fu attaccata dalla Francia|si alleò alle potenze dell'Asse"
"Mussolini prese il potere in Italia nel 1922";"Con la ""marcia su Roma"":";"I partigiani liberarono la capitale dall'occupazione nazista|Pio IX riconquistò Roma dopo la repubblica del 1849|Vittorio Emanuele II conquistò Roma capitale"
"Carlo Azeglio Ciampi";"Chi è stato eletto presidente della Repubblica italiana dopo Oscar Luigi Scalfaro?";"Francesco Cossiga|Sandro Pertini|Silvio Berlusconi"
Piave;"Dopo Caporetto, la resistenza dell'esercito italiano si attestò sul fiume:";Po|Tevere|Volturno
"vittoria mutilata";"La mancata concessione all'Italia di Fiume e della Dalmazia, al termine della prima guerra mondiale, destò un tale scontento tra gli italiani che si parlò di: ";"seconda Caporetto|tradimento americano|tradimento inglese"
"Nel 1963";"In quale anno si verificò il disastro del Vajont?";"Nel 1890|Nel 1920|Nel 1994"
"Francesco Cossiga";"Nel 1985, venne eletto presidente della Repubblica con i voti di tutti i partiti dell'arco costituzionale: ";"Carlo Azeglio Ciampi|Giuseppe Saragat|Oscar Luigi Scalfaro"
"Enrico De Nicola";"Quale presidente della Repubblica italiana firmò la Carta costituzionale?";"Antonio Segni|Giovanni Gronchi|Giuseppe Saragat"
"Giovanni Gentile";"Quale tra i seguenti personaggi italiani NON fu un oppositore del regime fascista?";"Antonio Gramsci|Giacomo Matteotti|Pietro Gobetti"
"Sandro Pertini";"Quale dei seguenti personaggi è stato eletto presidente della Repubblica Italiana?";"Ferruccio Parri|Giulio Andreotti|Vittorio Foa"
"guerra lampo";"Nella prima fase della seconda guerra mondiale, i tedeschi adottarono la strategia della:";"guerra di logoramento|guerra partigiana|terra bruciata"
1940;"L'Italia entrò nella seconda guerra mondiale nel:";1939|1943|1945
1946;"In Italia le donne hanno votato per la prima volta nel:";1861|1918|1974
"Un concordato tra la Chiesa cattolica e lo Stato italiano";"Cos'erano i Patti Lateranensi del 1929?";"Dei patti stipulati tra la Chiesa cattolica e la Chiesa protestante|Dei patti stipulati tra la Chiesa cattolica e la comunità ebraica|Dei provvedimenti economici dello Stato del Vaticano"
"di trincea";"Sul fronte italiano, nel corso della prima guerra mondiale, si combattè una guerra:";"basata su massicce incursioni di cavalleggeri|prevalentemente aereonavale|prevalentemente sottomarina"
"di posizione e di logoramento";"Sul fronte italiano, la prima guerra mondiale fu essenzialmente una guerra di trincea, ossia:";"di movimento e di rafforzamento|prevalentemente aerea|prevalentemente sottomarina"
"la Grecia";"Mentre le truppe italiane erano impegnate sul fronte africano, nel 1940 Mussolini diede l'ordine di attaccare anche:";"il Portogallo|la Spagna|l'Austria"
1943;"Mussolini fu messo in minoranza al Gran Consiglio del fascismo nel luglio:";1922|1940|1945
"Gli Stati Uniti d'America";"Quale, tra i seguenti Paesi, entrò in guerra in seguito all'attacco di Pearl Harbor del 1941?";"La Francia|La Gran Bretagna|La Spagna"
Marna;"Quale dei seguenti non fu un fronte di combattimento italiano nel corso della prima guerra mondiale";Carso|Isonzo|Piave
"sul suffragio universale maschile";"Nel 1912, il governo Giolitti approvò la legge:";"sul suffragio universale femminile|sull'abolizione del corso forzoso|sull'abolizione della pena di morte"
"Il duce";"Chi era a capo del Governo italiano durante il fascismo?";"Il Consiglio del fascismo|Il re|La Camera dei fasci"
Isonzo;"Nel 1917, l'esercito italiano fu sconfitto a Caporetto lungo il fiume:";Brenta|Po|Tagliamento
1915;"L'Italia entrò nella prima guerra mondiale nel:";1914|1916|1917
Londra;"In quale città fu firmato, nel 1915, il patto con cui l'Italia si alleò ai Paesi dell'Intesa?";"Atene|Berlino|New York"
"Un movimento di opposizione armata e non collaborazione che si sviluppò nei Paesi occupati dalle forze naziste e nell'Italia fascista";"Cosa si intende, nell'ambito della storia del Novecento, con il termine ""Resistenza""?";"L'accordo siglato da Cina, Francia, Gran Bretagna, Stati Uniti e URSS al termine della seconda guerra mondiale|Un movimento ideologico nato in Svizzera nel 1945 che garantiva, attraverso il metodo pacifico, la soluzione delle controversie internazionali|Un movimento politico volto a rafforzare la ricostruzione economica dei Paesi dell'Europa occidentale dopo il secondo conflitto mondiale "
1978;"Aldo Moro venne ucciso nel:";1968|1980|1992
1991;"Lo scontro tra il traghetto Moby Prince e una petroliera al largo del porto di Livorno è avvenuto nel: ";1981|1985|1995
duce;"Durante il Ventennio fascista, Mussolini ricopriva la carica di:";"direttore de l'Avanti!|imperatore d'Italia|viceré"
"Il 3 novembre 1918";"Alla fine della prima guerra mondiale, quando fu firmato l'armistizio tra l'Impero austro-ungarico e l'Italia che pose fine al conflitto tra i due Paesi?";"Il 2 gennaio 1915|Il 25 aprile 1945|L'11 febbraio 1919"
"Gabriele D'Annunzio";"Quale dei seguenti poeti italiani fu attivo politicamente tra le due guerre mondiali?";"Eugenio Montale|Giovanni Pascoli|Vincenzo Cardarelli"
"Antonio Segni";"Quale presidente della Repubblica italiana, colpito da una malattia invalidante, restò in carica soltanto due anni?";"Giovanni Leone|Oscar Luigi Scalfaro|Sandro Pertini"
"Gran Bretagna";"Quale delle seguenti nazioni era alleata dell'Italia nella prima guerra mondiale?";Bulgaria|Spagna|Ungheria
"Luigi Einaudi";"Nel 1948 divenne presidente della Repubblica italiana:";"Giovanni Giolitti|Giuseppe Saragat|Sandro Pertini"
"Nel 1992";"In quale anno venne eletto presidente della Repubblica Oscar Luigi Scalfaro?";"Nel 1972|Nel 1982|Nel 2002"
"La controversia internazionale, sorta alla fine della prima guerra mondiale, in relazione alla sovranità sulla città di Fiume";"Che cosa s'intende, in ambito storiografico, con la questione di Fiume?";"Il luogo dove venne incarcerato D'Annunzio nel 1919|La controversia fra Italia e Jugoslavia, sorta alla fine della seconda guerra mondiale, per l'esatta definizione del confine orientale italiano |La controversia sorta su chi dovesse risarcire i danni causati dal bombardamento della città di Fiume"
"Vittorio Emanuele Orlando";"Quale politico venne chiamato a presiedere un Governo di coalizione nazionale, dopo la disfatta di Caporetto? ";"Antonio Salandra|Giovanni Gentile|Sidney Sonnino"
1948;"La Costituzione repubblicana entrò in vigore in italia nel:";1861|1922|1978
"Giuseppe Saragat";"Chi venne eletto presidente della Repubblica italiana nel 1964?";"Giovanni Spadolini|Luigi Einaudi|Sandro Pertini"
1962-1964;"In quali anni è stato presidente della Repubblica italiana Antonio Segni?";1945-1948|1978-1985|1985-1992
"Friuli Venezia Giulia";"In quale Regione italiana si verificò un sisma nel 1976?";"Molise|Sicilia|Valle d'Aosta"
"Nel 1978";"In quale anno fu eletto presidente della Repubblica italiana Sandro Pertini, anno che vide anche l'elezione di papa Giovanni Paolo II?";"Nel 1958|Nel 1968|Nel 1988"
"Vittoria mutilata";"Al termine della prima guerra mondiale, come fu definita dai nazionalisti la vittoria italiana?";"Vittoria di Pirro|Vittoria di sabbia|Vittoria tradita"
"Francesco Cossiga";"Chi era il presidente della Repubblica italiana quando crollò il muro di Berlino?";"Carlo Azelio Ciampi|Giovanni Leone|Sandro Pertini"
"Enrico De Nicola";"Quale dei seguenti politici italiani ricoprì la carica di Presidente della Repubblica italiana?";"Alcide De Gasperi|Bettino Craxi|Pietro Nenni"
"Al 1911";"A quale anno risale la guerra di Libia promossa da Giolitti?";"Al 1789|Al 1848|Al 1956"
"Le insurrezioni di Palermo, Venezia e Milano";"A seguito di quali eventi iniziò la prima guerra d'indipendenza italiana?";"La guerra austro-prussiana|La guerra di Crimea|La guerra franco-prussiana"
borbonica;"Nel 1861, Gaeta fu l'ultima roccaforte:";garibaldina|papale|sabauda
"Carlo Pisacane";"Prima di Garibaldi, una spedizione antiborbonica nel Sud d'Italia venne tentata da:";"Giuseppe Mazzini|Lord Byron|Piero Maroncelli"
"Giuseppe Mazzini";"A quale dei seguenti protagonisti del Risorgimento si deve la fondazione del Partito d'Azione?";"Camillo Benso conte di Cavour|Giuseppe Garibaldi|Vittorio Emanuele II"
1820-21;"La prima grande prova organizzata dalle società segrete contro i regimi della Restaurazione fu rappresentata dai moti insurrezionali del: ";1810|1848-49|1870
"La base di un'alleanza tra Francia e Piemonte contro l'Austria";"Che cosa stabilirono i patti di Plombières del 1858?";"Il rafforzamento dell'occupazione austriaca in Italia|L'annessione del Piemonte alla Francia|Un'alleanza tra Piemonte e Austria contro la Francia"
Austria;"Al termine del Congresso di Vienna quale nazione esercitava la maggiore influenza sull'Italia?";Francia|Inghilterra|Russia
"Pio IX";"Quale Papa emanò il Non expedit, cioè il divieto ai cattolici di partecipare alla vita politica italiana, nel 1874? ";"Giovanni Paolo I|Giovanni XXIII|Leone XIII"
"Giuseppe Mazzini";"Chi fondò nel 1853 il Partito d'Azione?";"Camillo Benso conte di Cavour|Felice Orsini|Giuseppe Ferrari"
"Carlo Pisacane";"Nel 1847, a Sapri, sbarcava una colonna di uomini decisi a puntare su Napoli per provocarne l'insurrezione. Chi ne era il comandante?";"Daniele Manin|Giuseppe Garibaldi|Giuseppe Mazzini"
"Un'alleanza difensiva, in cui la Francia si impegnava a entrare in guerra a fianco del Regno sabaudo in caso di aggressione austriaca ";"Quale fu l'esito dell'incontro di Plombières del 1858?";"Il rafforzamento dell'occupazione austriaca in Italia|L'annessione del Piemonte alla Francia|Un'alleanza tra Piemonte e Austria contro la Francia"
"Napoleone III";"Durante la fase finale dell'unificazione italiana, l'imperatore francese era:";"Luigi Filippo|Luigi XVIII|Napoleone Bonaparte"
liberista;"Camillo Benso conte di Cavour era un sostenitore della dottrina economica:";anarchica|socialista|trasformista
Roma;"Nel 1871 fu scelta come capitale d'Italia:";Firenze|Napoli|Torino
"Camillo Benso conte di Cavour";"Quale protagonista del Risorgimento pronunciò la frase: ""Libera Chiesa in libero Stato""?";"Giuseppe Garibaldi|Pio IX|Vittorio Emanuele II"
"primo Ottocento";"In Italia, la Carboneria si diffuse nel:";"primo Settecento|tardo Ottocento|tardo Seicento"
"Francia e Prussia";"Nel settembre 1870, l'ingresso delle truppe italiane a Roma seguì di poco la fine del conflitto tra: ";"Austria e Russia|Inghilterra e Spagna|Turchia e Stati Uniti d'America"
Francia;"Quale Stato fu alleato del Regno sabaudo, nella seconda guerra d'indipendenza?";"Austria|Gran Bretagna|Stato della Chiesa"
"si svolse l'ultimo scontro tra garibaldini e borboni";"Nei pressi del fiume Volturno, nel 1860:";"i Borboni sconfissero i Mille|Mazzini decise di aderire alla Carboneria|si decise il destino dei moti risorgimentali greci"
l'Austria;"La terza guerra d'indipendenza italiana fu combattuta contro:";"la Francia|la Prussia|lo Stato pontificio"
l'Austria;"La prima guerra d'indipendenza italiana fu combattuta contro: ";"la Francia|la Spagna|lo Stato pontificio"
"La Francia";"Quale Stato fu alleato del Regno sabaudo nella seconda guerra d'indipendenza?";"La Gran Bretagna|L'Austria|Lo Stato della Chiesa"
"la Prussia";"Nella terza guerra d'indipendenza, l'Italia si era alleata con:";"con la Francia|la Russia|l'Austria"
l'Austria;"La terza guerra d'indipendenza italiana fu combattuta contro:";"il Regno Unito|la Russia|la Spagna"
l'Austria;"La prima guerra d'indipendenza italiana fu combattuta contro:";"la Prussia|la Russia|l'Inghilterra"
Villafranca;"La fine delle ostilità nella seconda guerra d'indipendenza italiana fu sancita dall'armistizio d i:";Cassibile|Versailles|Yalta
1861;"Il Regno d'Italia fu proclamato nel:";1851|1922|1946
"la fine della seconda guerra d'indipendenza italiana";"L'armistizio di Villafranca del 1859 tra Napoleone III e l'Austria comportò:";"la nascita della Triplice Alleanza|la resa prussiana|la sconfitta dell'Austria a favore dell'Italia di Cavour"
"stipulò l'armistizio con l'Austria";"Nel 1859, a Villafranca, Napoleone III:";"firmò un accordo con Pio IX|respinse l'ultimatum austriaco|strinse il patto d'acciaio con l'Italia"
"la loro annessione al Regno sabaudo mediante un plebiscito";"La spedizione dei Mille guidata da Garibaldi si concluse con la conquista delle regioni meridionali e con: ";"la conquista dello Stato pontificio|la loro annessione, imposta con le armi, al Regno sabaudo|la loro costituzione in Repubblica da parte dei garibaldini"
"Giuseppe Mazzini";"Quale, tra i seguenti protagonisti del Risorgimento, fondò nel 1853 il Partito d'Azione?";"Camillo Benso conte di Cavour|Carlo Cattaneo|Giuseppe Ferrari"
"Una ferrea repressione delle società segrete";"Dopo la sconfitta dei moti del 1820-21, quale fu la reazione delle autorità austriache nel Lombardo-Veneto?";"Il progetto di una federazione di Stati dotati di autonomia amministrativa|Il tentativo di inserire nel governo austriaco i capi delle società segrete|Un'alleanza ufficiale con lo Stato pontificio"
Scuola;"Dopo l'unificazione italiana, la legge Casati venne estesa a tutto il regno. Di quale materia si occupava?";"Finanze|Forze armate|Sanità"
"la seconda guerra d'indipendenza";"Nel 1859, in Italia si combatté:";"i moti rivoluzionari|la disfida di Barletta|la prima guerra d'indipendenza"
"terza guerra d'indipendenza";"Le sconfitte italiane di Lissa e di Custoza si verificarono nel corso della:";"guerra di Crimea|prima guerra d'indipendenza|prima guerra mondiale"
"Nel 1858";"Quando fu firmato l'accordo di Plombières tra Napoleone III e Camillo Benso conte di Cavour? ";"Nel 1852|Nel 1861|Nel 1870"
"Il pareggio del bilancio";"Quale obiettivo raggiunse la Destra storica che governò l'Italia dal 1861 al 1876?";"La limitazione del latifondo|La sconfitta dell'analfabetismo|L'annullamento del debito pubblico"
"Leone XIII";"Quale Papa, nel 1891, pubblicò, sul tema della questione sociale, l'enciclica Rerum Novarum? ";"Bonifacio VIII|Giovanni Paolo I|Paolo VI"
Garibaldi;"Quale protagonista del Risorgimento italiano ricevette entusiastica accoglienza a Londra nel 1864?";"Cavour|Pio IX|Vittorio Emanuele III"
1889;"L'Etiopia e l'Italia firmarono il trattato di Uccialli nel:";1859|1940|1949
"escludeva le donne dalla successione al trono";"La legge salica, presente nell'art. 1 dello Statuto albertino del 1848:";"regolamentava la tassazione del sale|regolava il monopolio statale dei sali|riorganizzava la distribuzione delle saline nel Paese"
"Francesco Crispi";"Quale tra i seguenti personaggi storici fu il leader della Sinistra storica italiana?";"Camillo Benso conte di Cavour|Giovanni Giolitti|Vincenzo Gioberti"
"protezione dei prodotti italiani";"Nel 1887, le tariffe doganali adottate dall'Italia erano volte principalmente alla:";"creazione di nuovi posti nel settore artigianale|diminuzione del prezzo del pane|tutela della classe impiegatizia"
"Camillo Benso conte di Cavour";"Quale tra i seguenti personaggi storici fu, nel 1861, il primo presidente del Consiglio del Regno d'Italia? ";"Carlo Alberto di Savoia principe di Carignano|Giuseppe Garibaldi|Vincenzo Cuoco"
Genova;"Mazzini nacque a:";Milano|Pisa|Torino
"la borghesia e l'aristocrazia più illuminata";"Il connubio promosso da Camillo Benso conte di Cavour e Urbano Rattazzi era un'alleanza politica e parlamentare tra: ";"i ceti contadini e i grandi affittuari|i ceti operai e quelli contadini|il clero e l'alta nobiltà"
"Un politico liberale";"Chi era Giovanni Giolitti?";"Un attivista socialista|Un filosofo hegeliano|Uno scultore futurista"
"alle cinque giornate di Milano";"Carlo Cattaneo partecipò attivamente:";"alla marcia su Roma|alla rivoluzione messicana|alla spedizione napoleonica in Russia"
liberalismo;"Camillo Benso conte di Cavour era un esponente del:";"federalismo|neoguelfismo|repubblicanesimo democratico"
"problemi sociali e alla questione operaia";"Nel 1891, Leone XIII pubblicò l'enciclica Rerum novarum dedicata ai: ";"problemi politici dell'America latina|rapporti con gli ortodossi|rapporti con l'islamismo"
mazziniano;"Il 14 gennaio 1858 fu compiuto un attentato contro Napoleone III da Felice Orsini, un:";"cattolico neoguelfo|cavouriano|generale dell'armata francese"
repubblicano;"Giuseppe Mazzini, uno dei protagonisti del Risorgimento italiano, era un convinto:";bonapartista|monarchico|papista
"Vincenzo Gioberti";"Da chi fu scritta, durante il Risorgimento, l'opera Del primato morale e civile degli italiani (1843)? ";"Camillo Benso conte di Cavour|Giuseppe Garibaldi|Silvio Pellico"
"Carlo Pisacane";"Quale, tra i seguenti protagonisti del Risorgimento, organizzò, la spedizione di Sapri nel 1857?";"Camillo Benso conte di Cavour|Daniele Manin|Giuseppe Garibaldi"
"Nino Bixio";"Durante la spedizione dei Mille, chi assunse il ruolo di braccio destro di Garibaldi nelle azioni militari? ";"Carlo Cattaneo|Carlo Pisacane|Daniele Manin"
"un'enciclica di Pio IX";"Durante il Risorgimento ebbe vasta notorietà il Sillabo, che era:";"il discorso d'insediamento di Carlo Alberto|un giornale fondato da Mazzini|un pamphlet politico redatto da Garibaldi"
"Sul Volturno";"Dove si svolse la decisiva battaglia fra l'esercito borbonico e le truppe di Garibaldi nell'autunno 1860? ";"A Marsala|A Milano|A Milazzo"
"Nel 1834";"In quale anno fu fondata da Mazzini la Giovine Europa?";"Nel 1698|Nel 1778|Nel 1921"
"ereditaria secondo la linea maschile";"In base allo Statuto albertino, la successione al trono sabaudo era:";"decisa dal Parlamento|ereditaria secondo la linea femminile|votata dal popolo"
"terza guerra d'indipendenza";"Il Veneto fu annesso all'Italia al termine della:";"prima guerra d'indipendenza|seconda guerra d'indipendenza|spedizione dei Mille"
"nella prima guerra d'indipendenza";"Nel Risorgimento italiano, lo Stato pontificio scese in guerra contro l'Austria. L'episodio si verificò:";"nella quarta guerra d'indipendenza|nella seconda guerra d'indipendenza|nella terza guerra d'indipendenza"
"nella prima guerra d'indipendenza italiana";"La Repubblica romana venne proclamata:";"nella quarta guerra d'indipendenza italiana|nella seconda guerra d'indipendenza italiana|nella terza guerra d'indipendenza italiana"
Brescia;"Durante la prima guerra d'indipendenza, si verificò l'episodio delle dieci giornate di:";Mantova|Milano|Parma
"nella prima guerra d'indipendenza italiana";"L'episodio delle dieci giornate di Brescia si verificò:";"nella quarta guerra d'indipendenza italiana|nella seconda guerra d'indipendenza italiana|nella terza guerra d'indipendenza italiana"
"I fratelli Bandiera";"Chi partecipò al tentativo insurrezionale nel Regno delle Due Sicilie nel 1844?";"Camillo Benso conte di Cavour|Giuseppe Garibaldi|Giuseppe Mazzini"
Francia;"Nella seconda guerra d'indipendenza, il Piemonte era alleato di:";Austria|Portogallo|Prussia
"Cesare Balbo";"Nel 1844 fu pubblicata Delle speranze d'Italia, opera fondamentale del pensiero moderato, di cui fu autore:";"Giuseppe Garibaldi|Giuseppe Mazzini|Vincenzo Gioberti"
"i garibaldini sconfissero le truppe borboniche";"Nella battaglia del Volturno del 1860:";"gli austriaci sconfissero i russi|i piemontesi sconfissero gli austriaci|le truppe francesi sconfissero i piemontesi"
"Carlo Cattaneo";"Quale dei seguenti personaggi fu protagonista delle cinque giornate di Milano del marzo 1848? ";"Francesco Giuseppe|Giuseppe Garibaldi|Pio IX"
Calabria;"In quale Regione i fratelli Bandiera tentarono una spedizione per sollevare la popolazione contadina nel 1844?";Emilia-Romagna|Liguria|Toscana
"Camillo Benso conte di Cavour e Napoleone III";"Quali personaggi si incontrarono in segreto a Plombières nel 1858?";"Carlo Alberto e papa Pio IX|Carlo Cattaneo e Carlo Pisacane|Giuseppe Mazzini e Giuseppe Garibaldi"
"Camillo Benso conte di Cavour";"Chi fu uno tra i principali artefici dell'Unità italiana e ricoprì diverse cariche politiche nel Regno sabaudo? ";"Carlo Cattaneo|Francesco Crispi|Giuseppe Mazzini"
"Giuseppe Mazzini";"Quale dei seguenti personaggi storici fu uno dei protagonisti della Repubblica romana del 1849?";"Francesco Giuseppe|Pio VII|Simon Bolivar"
"Regno di Sardegna";"Carlo Alberto fu re del:";"Granducato di Toscana|Regno delle Due Sicilie|Regno d'Italia"
Mameli;"L'autore di Fratelli d'Italia fu:";Garibaldi|Guerrazzi|Pellico
"nessuno degli Stati menzionati nelle altre alternative";"Nella prima guerra d'indipendenza, il Piemonte era alleato di:";Austria|Francia|Spagna
"sconfitte italiane";"Nell'ambito della terza guerra d'indipendenza, le battaglie di Lissa e Custoza sono ricordate come:";"sconfitte francesi|sconfitte russe|vittorie italiane"
"Vittorio Emanuele II";"Nel 1849 Carlo Alberto abdicò in favore di:";"Umberto I|Umberto II|Vittorio Emanuele I"
"la decadenza del potere temporale del Papa e la Repubblica";"Dopo la fuga di Pio IX, nel febbraio 1849, a Roma venne convocata una costituente che proclamò: ";"la monarchia costituzionale con a capo Aurelio Saffi|la nascita dello Stato del Vaticano, con il rientro del Papa fuggito a Gaeta|l'annessione di Roma al Regno sabaudo"
"Regno di Sardegna";"Carlo Alberto era sovrano del:";"Ducato di Milano|Granducato di Toscana|Regno delle Due Sicilie"
"Il neoguelfismo";"Quale corrente sosteneva che il Papa dovesse essere la forza di unificazione dell'Italia?";"I sostenitori di Carlo Alberto|Il neoghibellinismo|La corrente democratica mazziniana"
Torino;"In quale città nacque Camillo Benso conte di Cavour?";Napoli|Roma|Venezia
"inviò uomini per preparare l'annessione dell'isola al Piemonte";"Dopo i successi dei garibaldini in Sicilia, Camillo Benso conte di Cavour:";"chiese a Napoleone III di intervenire nell'isola|stipulò un accordo con il Papa per assicurare ai Savoia il dominio fino allo Stato della Chiesa|strinse un'alleanza con l'Austria per rafforzarsi nell'Italia settentrionale"
liberatore;"Il 7 settembre 1860 Giuseppe Garibaldi, entrato a Napoli, fu accolto come un:";brigante|conquistatore|traditore
Nizza;"In quale città nacque Giuseppe Garibaldi?";Napoli|Roma|Sassari
Roma;"Con la breccia di Porta Pia, il 20 settembre 1870, le truppe italiane entrarono a:";Gaeta|Milano|Torino
"Carlo Alberto";"Quale dei seguenti sovrani di casa Savoia rinunciò al trono?";"Umberto I|Vittorio Emanuele II|Vittorio Emanuele III"
"Le represse";"Come reagì Garibaldi di fronte alle insurrezioni contadine che scoppiarono nel Meridione d'Italia, contemporaneamente alla sua spedizione di liberazione? ";"Appoggiò i contadini|Restò indifferente|Tentò di trasformare le insurrezioni in rivoluzione"
"un completo fallimento";"L'insurrezione di Milano, organizzata da Mazzini il 6 febbraio 1853, fu:";"l'inizio della sollevazione di tutto il Lombardo-Veneto|l'inizio dell'alleanza con Cavour|una strepitosa vittoria"
dall'Austria;"Durante il Risorgimento, le aspirazioni all'Unità e all'indipendenza italiane furono in primo luogo osteggiate: ";"dalla Prussia|dalla Russia|dalla Spagna"
Marsala;"In quale città sbarcarono i Mille guidati da Garibaldi nel 1860?";Napoli|Quarto|Teano
"Invase lo Stato pontificio";"Cosa fece il Piemonte nel 1860, dopo la vittoria di Garibaldi nel Sud Italia?";"Convocò una conferenza internazionale per la proclamazione dell'Unità d'Italia|Dichiarò guerra alla Francia|Dichiarò guerra alla Gran Bretagna"
"Il Partito d'Azione";"Nel 1853 Mazzini fondò a Ginevra una nuova formazione politica. Quale?";"Giustizia e Libertà|Il Partito Popolare|La Società Nazionale"
Firenze;"Nel 1864, la capitale d'Italia venne spostata da Torino a:";Milano|Napoli|Roma
"America Latina";"Giuseppe Garibaldi, dopo il fallimento dei moti di Genova del 1834, emigrò in:";Africa|Asia|Australia
"Di fucilare e arrestare i contadini che si erano ribellati";"Che cosa ordinò Nino Bixio, uno dei capi dell'impresa dei Mille, a Bronte, il 4 agosto 1860?";"Di aspettare le truppe piemontesi|Di distribuire la terra ai contadini|Di procedere alla conquista della Calabria"
"Giuseppe Garibaldi";"A chi venne affidato il comando delle truppe della Repubblica romana del 1849?";"Carlo Pisacane|Giuseppe Mazzini|Goffredo Mameli"
"Regno di Sardegna";"Quale dei seguenti Stati italiani preunitari partecipò, nel 1855, alla guerra di Crimea?";"Granducato di Toscana|Regno delle Due Sicilie|Stato della Chiesa"
"la creazione di uno Stato italiano unito, indipendente, repubblicano";"Secondo il progetto politico di Giuseppe Mazzini, scopo della lotta dei patrioti italiani doveva essere:";"la creazione di una confederazione di Stati con a capo il pontefice|la creazione di una federazione di Stati con a capo il Regno Sabaudo|la creazione di una federazione monarchica di Stati europei legati all'Impero"
"i Mille di Garibaldi sconfissero i Borboni";"Nel 1860, nella città di Calatafimi:";"Carlo Pisacane fu ucciso|Giuseppe Garibaldi incontrò il re|Giuseppe Mazzini fondò la Giovine Europa"
"Giovine Italia";"Come si chiamava il movimento fondato da Giuseppe Mazzini durante il Risorgimento?";"Carboneria|Massoneria|Ordine Nuovo"
Carboneria;"A quale delle seguenti società segrete era iscritto Giuseppe Mazzini?";"Esercito di luce|Maestri del re|Massoneria"
"Il dibattito politico-culturale in merito alla ricerca di una soluzione al divario economico-sociale tra il Nord e il Sud della penisola";"Cosa si intende, nel periodo post-unitario della storia d'Italia, per questione meridionale?";"I contrasti tra Garibaldi e i rivoluzionari meridionali|I contrasti tra realisti meridionali e Stato pontificio|I problemi legati alla conquista della Sicilia"
"ministro dell'Agricoltura e del Commercio dello Stato sabaudo";"Nel 1850, Camillo Benso conte di Cavour divenne:";"alleato dei garibaldini|capo indiscusso della corrente mazziniana|sovrano dello Stato sabaudo"
"Il Partito d'Azione a cui si era avvicinato anche Giuseppe Garibaldi";"Nel 1859, dopo gli scontri armati nell'Italia centro-settentrionale, chi assunse l'iniziativa nel Sud del Paese?";"Camillo Benso conte di Cavour e Casa Savoia|I fratelli Bandiera|Napoleone III e l'esercito francese"
"Nel 1815";"In quale anno, in Italia come nel resto d'Europa, si fa cadere l'inizio della Restaurazione?";"Nel 1801|Nel 1820|Nel 1830"
"presidente del Consiglio";"Uno dei massimi artefici dell'Unità d'Italia, il conte di Cavour, nello Stato sabaudo rivestiva la carica di: ";"capo delle Forze Armate|ministro degli Esteri|ministro degli Interni"
"di un fallito moto insurrezionale che gli costò la vita nel 1831";"Il modenese Ciro Menotti fu protagonista:";"della guerra di secessione americana|della spedizione in Egitto di Napoleone|della trasvolata in dirigibile del Polo Sud"
Teano;"In quale località si svolse l'incontro in cui Garibaldi offrì a Vittorio Emanuele II i territori del Sud Italia da lui conquistati? ";Cassino|Napoli|Roma
Teano;"In quale località si svolse l'incontro in cui Garibaldi consegnò a Vittorio Emanuele II il Regno delle Due Sicilie? ";Cassino|Napoli|Roma
"Conquistare il Regno delle Due Sicilie e annetterlo alla monarchia sabauda";"Qual era lo scopo della spedizione garibaldina dei Mille?";"Appoggiare le masse contadine insorte contro il dominio dei latifondisti|Consolidare il dominio dei Borboni nel Mezzogiorno|Ripristinare la Costituzione del 1848 nel Regno delle Due Sicilie"
Pastrengo;"Quale delle seguenti battaglie fu una vittoria piemontese nella prima guerra d'indipendenza italiana?";Cernaia|Peschiera|Ticino
Tre;"Quante sono state le guerre d'indipendenza italiane?";Cinque|Due|Una
Magenta;"Quale delle seguenti città fu teatro di una battaglia, nella seconda guerra d'indipendenza italiana?";"Lissa|Milano|Reggio Emilia"
Quarto;"La spedizione dei Mille partì da:";"Marsala|Sestri Levante|Venezia"
"prima guerra d'indipendenza";"Nel Risorgimento italiano, il re piemontese Carlo Alberto abdicò a favore del figlio Vittorio Emanuele. L'episodio si verificò al termine della: ";"guerra di Crimea|seconda guerra d'indipendenza|terza guerra d'indipendenza"
"Giuseppe Mazzini";"Come si chiamava il fondatore della ""Giovine Italia"", associazione politica fondata nel 1831?";"Giulio Mazarino|Silvio Pellico|Vincenzo Gioberti"
Radetzky;"Durante la sollevazione popolare del 1848 delle cinque giornate di Milano, il comandante delle truppe austriache si chiamava: ";Ludendorff|Metternich|Pilsudsky
"Vittorio Emanuele II";"Il primo re d'Italia fu:";"Umberto I|Umberto II|Vittorio Emanuele III"
Diciannovesimo;"In quale secolo nacque Camillo Benso conte di Cavour?";Sedicesimo|Tredicesimo|Ventesimo
1848-49;"Quando venne combattuta la prima guerra d'indipendenza italiana?";1820-21|1915-18|1940-45
"Presidente del Consiglio";"Camillo Benso conte di Cavour, nello Stato sabaudo rivestiva la carica di:";"Ammiraglio|Capo delle Forze Armate|Re"
"Germania e Austria-Ungheria";"Nel 1882, l'Italia partecipò alla triplice Alleanza con:";"Francia e Inghilterra|Spagna e Portogallo|Svizzera e Lussemburgo"
"Agostino Depretis";"Quale leader della Sinistra storica fu capo del governo quasi ininterrottamente per dieci anni dal 1876? ";"Benito Mussolini|Giovanni Giolitti|Quintino Sella"
"dalla ""Destra storica""";"Dal 1861 al 1876 l'Italia fu governata:";"dal ""centrosinistra""|dal ""pentapartito""|dalla ""Sinistra storica"""
"All'entrata dell'esercito italiano in Roma nel 1870";"A cosa ci si riferisce con l'espressione ""Breccia di Porta Pia""?";"Alla marcia che portò al potere Mussolini nel 1922|All'ingresso delle truppe napoleoniche in Roma|All'occupazione nazista di Roma alla fine della seconda guerra mondiale"
"Goffredo Mameli";"Le parole dell'inno nazionale italiano sono state scritte da:";"Giuseppe Mazzini|Michele Novaro|Silvio Pellico"
Borbone;"Prima dell'unità d'Italia, nel Regno delle due Sicilie regnava la dinastia:";Este|Savoia|Sforza
"La più importante società segreta del Risorgimento italiano";"Cosa si indica con il termine ""Carboneria""?";"Il sindacato dei minatori inglesi|Qualunque società di import-export di materiale combustibile|Un lega formata nell'Ottocento dai minatori bretoni"
"Giovine Italia";"La società segreta fondata da Giuseppe Mazzini nel 1831 prese il nome di:";"Carboneria|Massoneria|Società dei Raggi"
Quarto;"Da quale località partirono, diretti in Sicilia, un migliaio di garibaldini tra il 5 e il 6 maggio del 1860?";Livorno|Napoli|Venezia
"Giuseppe Garibaldi";"Quale tra i seguenti personaggi venne definito l'""eroe dei due mondi""?";"Cristoforo Colombo|Ferdinando Magellano|Napoleone Bonaparte"
Brescia;"Quale delle seguenti città, nel 1849, resistette per dieci giorni agli austriaci, meritando l'appellativo di leonessa d'Italia?";Brindisi|Milano|Modena
"la vittoria austriaca e l'abdicazione di Carlo Alberto di Savoia";"La prima guerra d'indipendenza italiana si concluse con:";"la concessione dell'autonomia amministrativa alle città di Milano e Venezia|l'annessione del Lombardo-Veneto al Regno di Sardegna|l'istituzione di un protettorato degli Asburgo sul Piemonte"
"Dai volontari di Garibaldi";"Nella seconda guerra di indipendenza, da chi era formato il corpo dei ""Cacciatori delle Alpi""?";"Dai Kaiserjäger austriaci|Dai tiratori scelti sabaudi|Dalle guardie forestali"
"La costruzione del muro di Berlino";"Quale avvenimento si colloca cronologicamente tra la nascita della Repubblica popolare cinese di Mao e la rivolta studentesca di Pechino, che chiedeva l'avvio di un processo di democratizzazione interna? ";"La caduta della Repubblica di Salò|L'annessione tedesca dell'Austria|L'era delle grandi purghe staliniane"
"A cavallo tra il XIX e il XX secolo";"In quale periodo visse Lenin?";"A cavallo tra il XVIII e il XIX secolo|Nel XVII secolo|Nel XXI secolo"
"Tra il XIX e il XX secolo";"In quale periodo visse Stalin?";"A cavallo tra il XVIII e il XIX secolo|Nel XVII secolo|Nel XXI secolo"
"Tra il XVII e il XVIII secolo";"In quale periodo visse Luigi XIV, detto re Sole?";"Nel XV secolo|Nel XVI secolo|Tra il XII e il XIII secolo"
"A cavallo tra il XIX e il XX secolo";"In quale periodo visse Gandhi?";"A cavallo tra il XVII e il XVIII secolo|Nel XVII secolo|Nell'ultimo quarto del XX secolo"
1867;"I garibaldini furono sconfitti a Mentana nel:";1817|1873|1881
"Tra il XIX e il XX secolo";"In quale periodo visse Juan Domingo Perón?";"Nel XV secolo|Nel XVII secolo|Nel XVIII secolo"
1844;"I fratelli Bandiera, al termine di una fallita insurrezione, furono giustiziati dalle truppe borboniche nel: ";1789|1802|1874
"Tra il XIX e il XX secolo";"In quale periodo visse Franklin Delano Roosevelt?";"Nel XV secolo|Nel XVI secolo|Tra il XVII e il XVIII secolo"
"Nel XIX secolo";"In quale periodo visse Karl Marx?";"Nel XVII secolo|Nel XVIII secolo|Nel XX secolo"
"Il Congresso di Vienna";"Quale avvenimento si colloca cronologicamente tra la Rivoluzione americana e i moti del 1848? ";"La pubblicazione delle novantacinque tesi di Martin Lutero|La rivolta contadina in Messico, capeggiata da Emiliano Zapata e Pancho Villa|L'Affaire Dreyfus"
"Nei decenni centrali del XX secolo";"A livello cronologico, quando si colloca l'attività politica di Mao Zedong?";"Negli ultimi decenni del XVIII secolo|Nella prima metà del XIX secolo|Nella seconda metà del XIX secolo"
"L'ascesa al potere di Napoleone";"Quale dei seguenti avvenimenti si colloca cronologicamente tra il trionfo dell'Illuminismo e i moti del 1820-1821? ";"La guerra dei trent'anni|La Riforma e la Controriforma|L'assolutismo di Luigi XIV"
"La guerra di Crimea";"Quale dei seguenti avvenimenti si colloca cronologicamente tra la Rivoluzione francese e l'indipendenza italiana?";"La Rivoluzione americana|La Rivoluzione inglese|L'avvento del Terzo Reich"
Walesa;"Quale dei seguenti personaggi politici ricoprì la carica di presidente della Polonia?";Eltsin|Gromiko|Lenin
1861;"Camillo Benso conte di Cavour morì nel:";1859|1866|1890
1848;"Le Cinque giornate di Milano avvennero nel:";1803|1827|1895
"Toro seduto";"Quale dei seguenti personaggi fu un importante capo pellerossa?";"Buffalo Bill|Porsenna|Tiger Jack"
"Metà Novecento";"In quale periodo si colloca la fondazione dello Stato di Israele?";"Fine Novecento|Fine Ottocento|Fine Settecento"
Monroe;"Quale dei seguenti personaggi fu presidente degli USA nel XIX secolo?";Balzac|Bismarck|Voltaire
"Nel 1852";"In quale anno Cavour diede vita al suo primo governo nel Regno di Sardegna?";"Nel 1822|Nel 1862|Nel 1872"
"Nel 1831";"In quale anno si verificò a Modena un tentativo insurrezionale capeggiato da Ciro Menotti?";"Nel 1799|Nel 1891|Nel 1921"
XX;"La guerra civile spagnola, al cui termine si instaurò la dittatura franchista, si svolse nel";X|XIX|XV
"Florence Nightingale";"Quale dei seguenti personaggi fu l'infermiera che si adoperò perché si creasse un'organizzazione internazionale di soccorso per i soldati in guerra?";"Anita Garibaldi|Giuseppina Bonaparte|Madame Bovary"
"Carlo Cattaneo";"Quale dei seguenti personaggi fu un protagonista del Risorgimento italiano?";"Alessandro Manzoni|Papa Gregorio XIII|Voltaire"
Kennedy;"Quale dei seguenti personaggi ricoprì la carica di presidente degli Stati Uniti d'America?";Armstrong|Einstein|Kissinger
XV;"Girolamo Savonarola visse nel secolo:";XIII|XVIII|XX
XVIII;"Federico II il Grande, re di Prussia, morì nel secolo:";X|XIV|XX
"Nel XIX secolo";"In quale secolo nacque Karl Marx?";"Nel XV secolo|Nel XVII secolo|Nel XX secolo"
Gorbaciov;"Quale tra i seguenti personaggi politici fu un leader dell'URSS?";Brandt|Castro|Milosevic
Cavour;"Quale dei seguenti personaggi italiani fu un uomo politico?";Hayez|Leopardi|Verdi
"VII d.C.";"La conquista araba dell'Egitto si compì nel secolo:";"III a.C.|X a.C.|XV d.C."
1892;"Giovanni Giolitti guidò il suo primo governo nel:";1802|1859|1907
"Tra il XIX e il XX secolo";"In quale periodo visse Alcide De Gasperi?";"Nel XIII secolo|Nel XVII secolo|Tra il XV e il XVI secolo"
1943;"L'insurrezione del ghetto di Varsavia si verificò nel:";1929|1938|1951
"Tra il XIX e il XX secolo";"In quale periodo visse Charles De Gaulle?";"Nel XIII secolo|Nel XVII secolo|Tra il XV e il XVI secolo"
"Tra il XIX e il XX secolo";"In quale periodo visse papa Giovanni XXIII?";"Nel XV secolo|Nel XVII secolo|Tra il XII e il XIII secolo"
"Primo Cinquecento";"In quale periodo visse Martin Lutero?";"Inizio Duecento|Metà Ottocento|Tardo Settecento"
"Ho Chi Minh";"Quale dei seguenti personaggi del XX secolo fu un leader politico?";Dalì|Mann|Ravel
Mandela;"Quale dei seguenti personaggi politici ricoprì la carica di presidente del Sud Africa?";Gheddafi|Mobutu|Rabin
Washington;"Quale dei seguenti personaggi ricoprì la carica di presidente degli Stati Uniti d'America?";Franklin|Lafayette|Melville
"prima guerra di indipendenza italiana";"La battaglia di Goito si combattè nel corso della: ";"guerra del Vietnam|prima guerra mondiale|seconda guerra mondiale"
1852;"Napoleone III restaurò l'impero in Francia nel:";1800|1870|1912
"Nel 1769";"In quale anno venne costruita la macchina a vapore da James Watt?";"Nel 1709|Nel 1807|Nel 1870"
"Nel XII secolo";"In quale periodo visse Federico I, detto Barbarossa?";"Nel IX secolo|Nel XV secolo|Nel XVI secolo"
"Nel 1849";"In quale anno abdicò Carlo Alberto di Savoia-Carignano?";"Nel 1821|Nel 1861|Nel 1878"
1849;"Mazzini fu protagonista dell'esperienza della Repubblica romana nel:";1786|1878|1898
1887;"Francesco Crispi guidò il suo primo governo nel:";1847|1917|1954
"Nel I a. C. secolo";"In quale secolo visse Giulio Cesare?";"Nel I d. C. secolo|Nel II a. C. secolo|Nel II d. C. secolo"
Castro;"Quale dei seguenti personaggi politici è di nazionalità cubana?";Alfonsín|Bolivar|Pinochet
"un papa";"Bonifacio VIII fu:";"un imperatore francese|un re della dinastia dei Borboni|un re della dinastia dei Tudor"
XVI;"Copernico morì nel secolo:";I|IX|XIX
Kruscev;"Quale tra i seguenti personaggi politici fu un leader dell'URSS?";Ceausescu|Havel|Kasparov
"Vincenzo Gioberti";"Quale dei seguenti personaggi fu il piemontese autore de ""Il primato morale e civile degli Italiani"", importante testo risorgimentale pubblicato nel 1843? ";"Giuseppe Ferrari|Giuseppe Garibaldi|Giuseppe Mazzini"
"Pio IX";"Quale pontefice accese le speranze dei patrioti e dei riformisti italiani, nel biennio 1847-48?";"Bonifacio VIII|Giovanni XXIII|Leone XIII"
"Charles Darwin";"Quale, tra i seguenti personaggi, fu il naturalista che rivoluzionò la teoria dell'evoluzione?";"Alessandro Volta|Benjamin Franklin|Fryderyk Chopin"
"Il Portogallo";"Quale Nazione europea conquistò nell'anno 1500, il Brasile?";"La Francia|La Svezia|L'Inghilterra"
"Nel 1806";"In quale anno Napoleone Bonaparte decretò il blocco continentale in funzione anti-inglese?";"Nel 1776|Nel 1861|Nel 1898"
"Nel 1793";"In quale anno, durante la Rivoluzione francese, iniziò il periodo del Terrore?";"Nel 1757|Nel 1788|Nel 1807"
"Giuseppe Mazzini";"Quale dei seguenti personaggi fondò ""La giovine Europa""?";"Francesco Crispi|Gabriele D'Annunzio|Giovanni Giolitti"
"Nel 1857";"Un grande successo dell'azione politica di Cavour fu la nascita della Società nazionale. In quale anno fu creata?";"Nel 1827|Nel 1877|Nel 1887"
"durante il XIX secolo";"Giuseppe Mazzini visse:";"a cavallo fra il XIX e il XX secolo|durante il XX secolo|tra il 1730 e il 1799"
"I a. C.";"Catone l'Uticense visse nel secolo:";"I d. C.|II d. C.|III a. C."
"Nel I a. C. secolo";"In quale secolo si svolse la maggior parte della vita dell'imperatore Ottaviano Augusto?";"Nel I d. C. secolo|Nel II a. C. secolo|Nel II d. C. secolo"
"Nel I a. C. secolo";"In quale secolo si svolse la maggior parte della vita di Pompeo?";"Nel I d. C. secolo|Nel II a. C. secolo|Nel II d. C. secolo"
"A cavallo tra il secolo I a. C. e il secolo I d. C.";"In quale epoca visse l'imperatore Tiberio?";"Nel secolo I a. C.|Nel secolo III d. C.|Non ci sono dati certi al riguardo"
"A cavallo tra il secondo e il terzo secolo d. C.";"In quale epoca visse l'imperatore Caracalla?";"A cavallo tra il quarto e il terzo secolo a. C.|Nel primo secolo a. C.|Nel primo secolo d. C."
"Nel secondo secolo d. C.";"In quale epoca visse l'imperatore Marco Aurelio?";"A cavallo tra il primo secolo a. C. e il primo secolo d. C.|Nel primo secolo a. C.|Nel quinto secolo d. C."
"A cavallo tra il terzo e il secondo secolo a. C.";"In quale epoca visse Scipione l'Africano?";"A cavallo tra il secondo e il terzo secolo d. C.|Nel primo secolo a. C.|Nel primo secolo d. C."
"Nel quinto secolo d. C.";"In quale epoca visse l'imperatore Valentiniano III?";"Nel primo secolo a. C.|Nel primo secolo d. C.|Nel secondo secolo a. C."
"Nel quarto secolo d. C.";"In quale epoca visse l'imperatore Teodosio?";"Nel primo secolo a. C.|Nel primo secolo d. C.|Non si hanno notizie precise"
"Il Congresso di Vienna";"Quale dei seguenti eventi precede l'Unità d'Italia?";"Il Patto d'Acciaio italo-tedesco|La firma dei Patti Lateranensi|La rivolta dei Boxer in Cina"
"Nel IV secolo a.C., ed ebbe come maestro il filosofo Aristotele";"In quale periodo visse e operò Alessandro Magno?";"Nel secolo XI, dopo Carlo Magno|Nel V secolo d.C. a Roma|Nel XVII secolo, subito dopo la morte di Luigi XIV (il Re Sole)"
"La liberazione del leader dell'African National Congress Nelson Mandela";"Quale dei seguenti avvenimenti si colloca cronologicamente tra la primavera di Praga e la guerra civile in Jugoslavia? ";"La proclamazione della Comune di Parigi|L'entrata dell'esercito italiano a Roma, dalla breccia di Porta Pia|L'introduzione del suffragio universale in Italia"
"Von Bismarck";"Quale dei seguenti personaggi fu un importante cancelliere del Reich tedesco?";"Von Karajan|Wagner|Witte"
"dopo il 1920";"L'ultimo governo Giolitti fu varato:";"alla fine del XIX secolo|dopo il 1945|intorno al 1790"
"Primo Novecento";"In quale periodo si colloca la caduta dello Stato zarista?";"Primo Ottocento|Tardo Novecento|Tardo Settecento"
Roosevelt;"Quale dei seguenti personaggi ricoprì la carica di presidente degli Stati Uniti d'America?";"Hemingway|Mac Carthy|Marshall"
"La Rivoluzione francese";"Quale dei seguenti eventi precede l'Unità d'Italia?";"La dissoluzione dell'Impero austro-ungarico|La prima guerra mondiale|"
Lenin;"Quale dei seguenti personaggi fu un leader politico dell'URSS?";Dubcek|Pasternak|Tito
"Nel XX secolo";"In quale secolo si svolse la guerra fredda?";"Nel XIX secolo|Nel XV secolo|Nel XVII secolo"
"Prima guerra mondiale";"In quale guerra si combatté la battaglia del Piave?";"Seconda guerra di indipendenza italiana|Seconda guerra mondiale|Terza guerra di indipendenza italiana"
"Winston Churchill";"Quale dei seguenti personaggi ha ricoperto il ruolo di primo ministro britannico?";"Dwight Eisenhower|Franklin D. Roosvelt|Willy Brandt"
"terza guerra d'indipendenza italiana";"La battaglia di Custoza si combattè nel corso della:";"guerra dei trent'anni|prima guerra mondiale|seconda guerra mondiale"
"Charles Darwin";"La legge della selezione naturale venne enunciata, nella seconda metà dell'Ottocento, da:";"Auguste Comte|Herbert Spencer|Joseph Arthur de Gobineau"
XVI;"La Riforma protestante iniziò nel secolo:";X|XII|XIV
1882;"Giuseppe Garibaldi morì nel:";1862|1870|1899
"Vincenzo Gioberti";"Quale dei seguenti personaggi visse durante il Risorgimento?";"Benito Mussolini|Luigi Pirandello|Niccolò Machiavelli"
IX;"La conquista araba della Sicilia si compì nel secolo:";IV|XIV|XVI
Custer;"Quale dei seguenti personaggi del XIX secolo fu un famoso generale?";Constable|Dickens|Manzoni
"Sigmund Freud";"Quale dei seguenti personaggi fu fondamentale nella storia del pensiero del Novecento?";"Alexis de Tocqueville|Benjamin Franklin|Jean Jacques Rousseau"
Geronimo;"Quale tra i seguenti nativi americani fu un famoso capo indiano Apache?";"Alce Nero|Cavallo Pazzo|Nuvola Rossa"
"Goffredo Mameli";"Chi compose l'inno nazionale italiano?";"Gabriele D'Annunzio|Giacomo Puccini|Giuseppe Verdi"
"Agostino Depretis";"Quale dei seguenti personaggi fu, nella seconda metà dell'800, un importante politico della Sinistra storica italiana? ";"Camillo Cavour|Giovanni Pascoli|Sidney Sonnino"
"Vittorio Emanuele I";"Quale sovrano di casa Savoia abdicò nel 1821, per non dover accettare la Costituzione?";"Carlo Alberto|Carlo Felice|Vittorio Amedeo"
1789-1797;"George Washington fu presidente degli Stati Uniti d'America nel periodo:";1690-1732|1879-1897|1901-1914
"Thomas Alva Edison";"Chi fu l'inventore della lampadina?";"Alessandro Volta|Guglielmo Marconi|Henry Ford"
"George Marshall";"Quale dei seguenti personaggi ideò il piano di aiuti a favore dei Paesi europei devastati economicamente dalla seconda guerra mondiale?";"Mao Zedong|Theodore Roosevelt|Winston Churchill"
"Thomas Jefferson";"Quale tra i seguenti presidenti statunitensi è cronologicamente precedente ad Abraham Lincoln? ";"Franklin Delano Roosevelt|Harry Spencer Truman|Theodore Roosevelt"
XX;"In quale secolo si svolse la Rivoluzione cinese guidata da Mao Zedong?";IV|XIX|XVI
"XV secolo";"Ferdinando D'Aragona, il marito di Isabella di Castiglia, visse nel:";"V secolo|XII secolo|XVIII secolo"
"Pio XII";"Quale dei seguenti papi è posteriore a Bonifacio VIII?";"Bonifacio I|San Lino|San Pietro"
XV;"Gutenberg, l'inventore della stampa a caratteri mobili, visse nel secolo:";III|XI|XIX
"Nel XIX secolo";"In quale secolo si tenne il Concilio Vaticano I?";"Nel X secolo|Nel XIII secolo|Nel XVI secolo"
1871;"Il secondo impero tedesco fu proclamato nel:";1578|1652|1933
1933;"Hitler diventò cancelliere della Germania nel:";1919|1922|1939
Breznev;"Quale dei seguenti personaggi fu un leader politico dell'URSS?";Gorky|Pasternak|Sacharov
"XVII secolo";"Le guerre di religione, in Europa, si svolsero prevalentemente nel:";"V secolo|XII secolo|XX secolo"
1938;"L'annessione dell'Austria da parte della Germania (Anschluss) si verificò nel:";1915|1922|1953
"XVI secolo";"Ivan il Terribile, il primo che assunse il titolo di zar, visse nel:";"X secolo|XIII secolo|XX secolo"
"Nel 1848";"In quale anno ci furono sommosse e tentativi rivoluzionari in quasi tutta Europa?";"Nel 1798|Nel 1900|Nel 1923"
"Nel XVII secolo";"In quale secolo si svolse in Inghilterra la guerra delle due rose?";"Nel V secolo|Nel X secolo|Nel XX secolo"
Celti;"Nel X secolo, l'Europa fu sottoposta a una serie di invasioni. Quale tra i seguenti popoli NON fece parte degli invasori? ";Arabi|Danesi|Ungari
"Circa 300";"Quanti anni intercorrono tra la scoperta del continente americano e la Dichiarazione d'indipendenza degli Stati Uniti? ";"Circa 10|Circa 700|Circa 80"
"XIV secolo";"Una grandissima epidemia di peste nera colpì l'Europa a metà del:";"III secolo|VII secolo|XIX secolo"
"Accordo tra più società per mantenere e rinforzare una posizione dominante sul mercato";"Quale, tra le seguenti alternative, riporta il corretto significato del termine ""Trust"" (cartello)? ";"Gruppo di imprenditori coinvolti in uno stesso progetto|Gruppo di imprese governative|Gruppo di società di consulenza"
XVII;"In quale secolo si svolse in Europa la guerra dei trent'anni?";V|X|XV
"Nel XIX secolo";"In quale secolo si svolse la guerra di Crimea?";"Nel IX secolo|Nel XV secolo|Nel XVII secolo"
XIX;"La guerra di secessione americana si svolse nel secolo:";IX|XII|XV
"Ferdinando Magellano";"La prima circumnavigazione completa del globo fu compiuta dal navigatore portoghese:";"Bartolomeo Díaz|Pedro Alvares Cabral|Vasco da Gama"
"Durante la Rivoluzione francese";"In quale periodo visse Maximilien Robespierre?";"Dopo Napoleone Bonaparte|Durante la Rivoluzione d'ottobre|Sotto il regno di Filippo II"
"La caduta del muro di Berlino";"Quale tra i seguenti avvenimenti si colloca cronologicamente tra la nascita dello Stato d'Israele e le dimissioni di Michail Gorbacëv da presidente dell'URSS? ";"La divisione della Cecoslovacchia in due Stati indipendenti|L'assedio di Sarajevo|L'attacco alle Torri Gemelle"
1929;"In quale anno ebbe inizio la grave recessione economica che, nel periodo tra le due guerre, investì prima gli Stati Uniti e poi l'intera Europa?";1919|1922|1939
"La guerra civile spagnola";"Quale dei seguenti conflitti si colloca tra la prima e la seconda guerra mondiale?";"La guerra del Vietnam|La guerra di Crimea|La terza guerra d'indipendenza italiana"
30;"Quanti anni intercorrono approssimativamente tra la presidenza statunitense di John Fitzgerald Kennedy e quella di Bill Clinton? ";5|50|70
spagnola;"L'impresa di Cristoforo Colombo fu finanziata dalla corona:";francese|olandese|portoghese
"Nel 1821";"In quale anno morì Napoleone Bonaparte?";"Nel 1769|Nel 1799|Nel 1851"
"nella regione messicana dello Yucatan";"I Maya, prima della conquista spagnola, vivevano:";"nell'altopiano del Messico|nell'attuale Perú|nelle isole Antille"
"Rivoluzione francese, guerra franco-prussiana, affare Dreyfus, prima guerra mondiale, conferenza di Yalta";"Quale delle seguenti alternative riporta gli eventi nel corretto ordine cronologico?";"Affare Dreyfus, Rivoluzione francese, conferenza di Yalta, prima guerra mondiale, guerra franco-prussiana|Guerra franco-prussiana, affare Dreyfus, conferenza di Yalta, prima guerra mondiale, Rivoluzione francese|Rivoluzione francese, Guerra franco-prussiana, Conferenza di Yalta, Prima guerra mondiale, Affare Dreyfus"
"Tardo Ottocento-primo Novecento";"In quale periodo si colloca la cosiddetta età dell'Imperialismo?";"Fine Novecento|Metà Settecento|Tardo Settecento-primo Ottocento"
"Guerra dei trent'anni, impresa dei Mille, invenzione dell'aeroplano, guerra del Golfo";"Quale delle seguenti alternative riporta gli eventi nel corretto ordine cronologico?";"Guerra dei trent'anni, invenzione dell'aeroplano, impresa dei Mille, guerra del Golfo|Guerra del Golfo, guerra dei trent'anni, impresa dei Mille, invenzione dell'areoplano|Impresa dei Mille, guerra dei trent'anni, guerra del Golfo, invenzione dell'aeroplano"
"Più di 200";"Quanti anni intercorrono approssimativamente tra la presidenza di George Washington e quella di Bill Clinton? ";"100|50|Più di 300"
"La guerra d'Indocina";"Quale dei seguenti avvenimenti si colloca cronologicamente tra la guerra civile spagnola e l'elezione di John Fitzgerald Kennedy alla presidenza degli Stati Uniti d'America? ";"Il crollo della borsa di Wall Street che ha dato origine alla grande depressione|La crisi della Baia dei porci|La marcia su Roma"
"Nella prima metà del Novecento";"In quale periodo fu scoperta da Alexander Fleming la penicillina?";"Nella prima metà del Settecento|Nella seconda metà del Novecento|Nella seconda metà del Seicento"
"Nel 1944";"In quale anno fu compiuta la strage delle Fosse Ardeatine?";"Nel 1928|Nel 1940|Nel 1950"
"XVII secolo";"Lo statista inglese Oliver Cromwell morì nel:";"XI secolo|XIV secolo|XX secolo"
"XVI secolo";"Caterina de' Medici, regina di Francia, morì nel:";"IX secolo|XIII secolo|XIX secolo"
"Nel XVII secolo";"In quale secolo si svolse la Rivoluzione inglese?";"Nel X secolo|Nel XV secolo|Nel XX secolo"
XV;"La stampa a caratteri mobili fu inventata nel secolo:";IV|IX|XVIII
Duecento;"Marco Polo effettuò il suo viaggio in Cina nel corso del:";Cinquecento|Novecento|Seicento
"A cavallo tra il XVII e il XVIII secolo";"In quale periodo visse Luigi XIV?";"Al termine della prima guerra mondiale|Durante la Rivoluzione francese|Tra il XI e il XII secolo"
"La guerra di secessione americana";"Quale dei seguenti eventi storici si colloca tra l'elezione a presidente di Abramo Lincoln e la sua uccisione?";"La guerra ispano-americana|La Rivoluzione francese|Lo sbarco in Normandia"
Verona;"La città di Custoza, luogo in cui l'esercito piemontese fu sconfitto nel 1848, si trova in provincia di: ";Bologna|Pavia|Venezia
"degli anni '80 dell'Ottocento";"Il motore a scoppio venne progettato e diffuso nel corso:";"degli anni '40 del Novecento|degli anni '70 del Settecento|del primo decennio del Novecento"
"George Stephenson";"Chi progettò la prima locomotiva nel 1814?";"Alessandro Volta|Guglielmo Marconi|James Watt"
"Giovanni Gutenberg";"L'invenzione della stampa a caratteri mobili (XV secolo) si deve a:";"Francesco Bacone|Leonardo da Vinci|Lorenzo Valla"
"Alfred Nobel";"La dinamite fu inventata nel 1887 da:";"Alexander Bell|Antonio Meucci|Joseph Pulitzer"
"Alessandro Volta";"Quale scienziato italiano costruì nel 1799 la prima pila a dischi?";"Enrico Fermi|Galileo Galilei|Lazzaro Spallanzani"
Salerno;"La città di Sapri, località in cui Pisacane e i suoi compagni sbarcarono, si trova in provincia d i:";Messina|Napoli|Roma
Francia;"La regione della Savoia, appartenente nel XIX secolo al Regno sabaudo, si trova attualmente in: ";Guascogna|Italia|Svizzera
Corsica;"La città di Ajaccio, luogo di nascita di Napoleone Bonaparte, si trova in:";Sardegna|Sicilia|Spagna
Latina;"La città di Gaeta, ultima roccaforte borbonica a cadere nel 1860, si trova in provincia di:";Catanzaro|Napoli|Palermo
"Negli Stati Uniti";"In quale Paese Samuel Morse inventò, nel 1844, il telegrafo, in breve universalmente diffuso e utilizzato? ";"In Francia|In Giappone|In Italia"
Spagna;"La città di Cadice, luogo di insurrezioni nel 1820, si trova in:";Belgio|Francia|Italia
Francia;"La città di Chambery, ex capitale sabauda, si trova attualmente in:";Italia|Spagna|Svizzera
"Giovanni da Verrazzano";"Quale dei seguenti navigatori ed esploratori del XV e XVI secolo era italiano?";"Alvaro Cabral|Bartolomeo Diaz|Vasco de Gama"
Milano;"La città di Magenta, località dove l'esercito franco-piemontese vinse gli Austriaci durante la seconda guerra d'indipendenza, si trova in provincia di: ";Napoli|Torino|Verona
"trecento anni";"Tra il Rinascimento e il Risorgimento intercorrono circa:";"cinquanta anni|cinquecento anni|novecento anni"
Napoli;"La città di Nola, località dove scoppiò, nel 1820, un moto rivoluzionario carbonaro si trova in provincia di: ";Enna|Roma|Salerno
Croazia;"La città di Fiume, luogo dove D'Annunzio si recò nel 1919 a capo di un gruppo di patrioti italiani, si trova attualmente in: ";Austria|Francia|Italia
Mantova;"La città di Goito, località in cui l'esercito piemontese sconfisse gli Austriaci nel 1848, si trova in provincia di: ";Milano|Venezia|Verona
Pavia;"La città di Montebello, località dove gli Austriaci vennero sconfitti durante la seconda guerra di indipendenza, si trova in provincia di: ";Alessandria|Genova|Mantova
Sicilia;"La città di Marsala, località in cui sbarcarono i Mille, si trova in:";Calabria|Lazio|Piemonte
Mantova;"La città di San Martino, dove gli Austriaci vennero sconfitti dalle truppe franco-piemontesi durante il Risorgimento, si trova in provincia di: ";Milano|Roma|Vicenza
"Seconda guerra mondiale";"In quale guerra si combatté la battaglia di El Alamein?";"Guerra del Golfo|Prima guerra mondiale|Terza guerra d'indipendenza italiana"
Genova;"La città di Quarto, luogo da dove partirono i Mille, si trova in provincia di:";Milano|Napoli|Palermo
"dall'inglese Stephenson";"La prima locomotiva a vapore fu messa a punto nel 1829:";"dal francese Balzac|dall'americano Franklin|dall'italiano Breda"
Africa;"Nel corso del XIX secolo, le esplorazioni di Stanley e Livingstone si svolsero in:";Australia|Borneo|Patagonia
"Nel 1927";"In quale anno l'americano Charles Lindbergh attraversò l'Oceano Atlantico con un monoplano a motore?";"Nel 1847|Nel 1889|Nel 1967"
Verona;"La città di Villafranca, dove venne firmato nel 1859 l'Armistizio che pose fine alla seconda guerra d'indipendenza italiana, si trova in provincia di: ";Bologna|Milano|Torino
XVIII;"James Watt inventò la macchina a vapore nel secolo:";XV|XVI|XX
"Ferdinando Magellano";"Quale dei seguenti navigatori ed esploratori del XV e XVI secolo NON era italiano?";"Amerigo Vespucci|Cristoforo Colombo|Giovanni Caboto"
"tardo Seicento";"Isaac Newton formulò la legge di gravitazione universale nel:";"primo Duecento|primo Novecento|tardo Ottocento"
"la pila";"Nel 1800, Alessandro Volta costruì:";"il telefono|il telescopio|la dinamo"
"Alla seconda metà del XVIII secolo";"A quale periodo risale l'esplorazione dell'Australia a opera di Cook?";"A un'epoca antecedente la scoperta dell'America|Al Medio Evo|Alla prima metà del XX secolo"
"la lampadina elettrica";"Nel 1879, l'americano Thomas Edison mise a punto: ";"il motore a scoppio|il telegrafo|la pila"
"Nell'età del bronzo";"In quale periodo venne inventata la ruota?";"Nel I secolo d.C.|Nella Roma antica|Nell'anno 1000"
"Thomas Alva Edison";"A quale tra i seguenti personaggi si deve la costruzione, nel 1879, della prima lampadina elettrica? ";"Antonio Meucci|Guglielmo Marconi|Werner Von Siemens"
"primo Ottocento";"La prima locomotiva a vapore fu inventata e collaudata da George Stephenson nel:";"primo Settecento|secondo Novecento|secondo Seicento"
Settecento;"L'esplorazione da parte di James Cook dell'Australia e della Nuova Zelanda avvenne nel corso del: ";Novecento|Quattorcento|Trecento
"Yuri Gagarin";"Nel 1961, il primo uomo inviato nello spazio fu:";"Laurenti Beria|Lev Yaschin|Sergej Bubka"
"L'aratro a versoio";"Quali delle seguenti innovazioni tecniche, che contribuirono a migliorare la produzione agricola, si diffuse dal VI al X secolo? ";"I fertilizzanti chimici|Il latifondo|La recinzione delle terre"
"un attacco terroristico alle Twin Towers di New York";"L'11 settembre 2001 vi fu:";"un attacco terroristico alla metropolitana di Londra|un attacco terroristico alla metropolitana di Tokio|un attacco terroristico alla stazione Atocha di Madrid"
Cancelliere;"Quale carica ricopriva nella Prussia ottocentesca Otto Von Bismarck?";"Ambasciatore|Presidente|Principe reggente"
"L'eliminazione della schiavitù";"Cosa si proponeva l'abolizionismo statunitense del XIX secolo?";"L'eliminazione della coscrizione obbligatoria|L'eliminazione delle differenze di classe|L'instaurazione di un regime comunista"
Parigi;"In quale città si svolsero, nel 1871, gli eventi della cosiddetta ""Comune""?";Madrid|Tunisi|Vienna
1861-1865;"In quali anni fu combattuta la guerra di secessione americana?";1492-1496|1776-1780|1939-1945
"Il ritorno alla situazione politica esistente prima della Rivoluzione Francese e dell'età napoleonica ";"Cosa fu la Restaurazione seguita al Congresso di Vienna?";"Il restauro delle chiese violate dai giacobini|Il restauro delle città distrutte dai moti rivoluzionari|Il risarcimento ai nobili per i danni patiti durante la Rivoluzione francese"
"Il periodo compreso tra l'ultimo ventennio dell'Ottocento e lo scoppio della prima guerra mondiale ";"Quale epoca viene definita in ambito storiografico ""età dell'Imperialismo""?";"Il periodo compreso tra la fine della prima guerra mondiale e l'inizio della seconda|Il primo quarto dell'Ottocento|L'epoca successiva alla fine della guerra fredda"
1871;"L'unificazione tedesca avvenne nel:";1918|1933|1939
"Uno statista austriaco della prima metà del XIX secolo";"Chi era Metternich?";"Un diplomatico al servizio di Caterina II di Russia|Uno dei più famosi marescialli di Napoleone|Uno statista prussiano della seconda metà del XIX secolo"
"A Vienna";"In quale città si svolse, nel primo Ottocento, il Congresso che diede inizio all'età della Restaurazione? ";"A Berlino|A Lisbona|A Milano"
"Nella seconda metà del XIX secolo";"Quando si colloca l'attività politica di Otto von Bismarck?";"Nel XVII secolo|Nel XX secolo|Nella prima metà del XVIII secolo"
Vittoria;"In Gran Bretagna, nel 1837, iniziò il lungo regno della regina:";"Astrid|Elisabetta II|Evita"
1814-15;"A quali anni risale il Congresso di Vienna?";1492-93|1881-82|1902-03
Lincoln;"Chi era il Presidente degli Stati del Nord durante la guerra di secessione americana?";Johnson|Kennedy|Roosvelt
"da moti rivoluzionari";"In Europa, il 1830 fu caratterizzato:";"dalla fine di uno stato di profonda crisi economica|dalla nascita dei primi partiti|dalla rivoluzione bolscevica"
"Russia, Prussia, Austria";"Quali Stati costituirono nel 1815 la Santa Alleanza?";"Gran Bretagna, Italia, Impero ottomano|Spagna, Italia, Francia|Stato della Chiesa, Regno di Sardegna, Granducato di Toscana"
"la Santa Alleanza";"Nel 1815 dal Congresso di Vienna nacque:";"la Federazione monarchica|la Triplice Alleanza|l'Unione legittimista"
"Il Cancelliere artefice dell'Unità tedesca";"Chi era Otto von Bismarck?";"Il primo Presidente della Repubblica di Weimar|Un famoso gastronomo tedesco|Uno statista austriaco"
"Napoleone III e Cavour";"Il 20 luglio 1858 a Plombières si incontrarono segretamente:";"Cavour e il papa|Cavour e Mazzini|Metternich e Cavour"
"colonia penale";"L'Australia venne inizialmente utilizzata dall'Inghilterra come:";"centro dell'industria carbonifera|importante centro di scambi commerciali|sede di nuove attività industriali"
"Impero spagnolo";"Quale Impero europeo perse nel 1898 il controllo di Cuba e delle Filippine?";"Impero americano|Impero austro-ungarico|Impero sovietico"
"Alfred Dreyfus";"Quale dei seguenti personaggi subì, negli ultimi anni dell'Ottocento, un famoso processo per alto tradimento (da cui il nome di ""affaire ..."")? ";"Gavrilo Princip|George Custer|Robert Edward Lee"
"la Francia";"Nel 1870 il cancelliere Otto von Bismarck condusse la Prussia in una guerra contro:";"gli Stati Uniti d'America|la Russia|l'Italia"
"Nell'ottobre 1814";"Quando si aprirono i lavori del Congresso di Vienna?";"Nel maggio 1793|Nell'agosto 1945|Nell'ottobre 1914"
Nipote;"Napoleone III, imperatore di Francia nel 1851, che relazione di parentela aveva con Napoleone Bonaparte? ";Figlio|Fratello|Nessuna
1848;"Il ""Manifesto del Partito Comunista"" venne pubblicato da Marx ed Engels nel:";1815|1867|1917
"Piano Marshall";"Il piano americano per gli aiuti economici ai Paesi europei, successivo alla Seconda guerra mondiale, si chiamò:";"Affaire Dreyfuss|Dottrina Monroe|Operazione Overlord"
"Karl Marx";"Chi scrisse Il Capitale?";"Filippo Turati|Herbert Spencer|Mikhail Bakunin"
Stalingrado;"Presso quale città si arrestò definitivamente, nel 1943, l'avanzata tedesca in Russia?";Kiev|Leningrado|Vladivostock
"Gran Bretagna, Francia, Italia, Stati Uniti";"Quali Paesi, tra gli altri, hanno vinto la prima guerra mondiale?";"Germania, Austria-Ungheria|Germania, Italia, Giappone|Unione Sovietica, Cina, Cuba"
1963-1975;"In quali anni gli Stati Uniti combatterono la Guerra del Vietnam?";1860-1879|1861-1865|1941-1945
tedesche;"Nella seconda guerra mondiale, i razzi telecomandati V1 e V2 erano le armi segrete:";britanniche|italiane|statunitensi
"Paesi Bassi";"Quale dei seguenti Stati rimase neutrale nella prima guerra mondiale?";Francia|Germania|Russia
1948-1952;"In quali anni fu particolarmente attivo il piano americano per gli aiuti economici ai Paesi alleati duramente colpiti dalla Seconda guerra mondiale (Piano Marshall)?";1941-1945|1943-1945|1955-1960
Norvegia;"Quale dei seguenti Stati rimase neutrale nella prima guerra mondiale?";Francia|Germania|Italia
Austria-Ungheria;"Contro quale dei seguenti Stati era schierata la Serbia nella prima guerra mondiale?";Cuba|Inghilterra|Spagna
Germania;"Contro quale dei seguenti Stati era schierata la Russia nella prima guerra mondiale?";"Francia|Italia|Stati Uniti d'America"
Finlandia;"Quale dei seguenti Stati rimase neutrale nella prima guerra mondiale?";Francia|Italia|Russia
Austria-Ungheria;"Contro quale dei seguenti Stati erano schierati gli Stati Uniti d'America nella prima guerra mondiale? ";Inghilterra|Italia|Spagna
1945;"In quale anno si svolse la Conferenza di Yalta?";1918|1936|1989
Praga;"Quale delle seguenti città, nel 1968, fu teatro di una particolare ""Primavera""?";Berlino|Costantinopoli|Madrid
"l'anno successivo allo scoppio della guerra";"L'Italia entrò nel primo conflitto mondiale:";"contemporaneamente agli Stati Uniti|insieme al Giappone|quando la Gran Bretagna le dichiarò guerra"
Messico;"Quale dei seguenti Stati rimase neutrale nella prima guerra mondiale?";"Francia|Germania|Stati Uniti"
Russia;"Quale dei seguenti Paesi, in seguito alla vittoria della rivoluzione comunista, uscì dalla prima guerra mondiale nel novembre 1917? ";"Cina|Germania|Stati Uniti"
"seconda guerra mondiale";"Con l'invasione della Polonia cominciò la:";"destalinizzazione nei Paesi sovietici|prima guerra d'Indipendenza italiana|prima guerra mondiale"
Nessuno;"Quale ruolo istituzionale ricoprì Ghandi in India?";"Primo ministro|Primo presidente dell'India indipendente|Ultimo viceré nominato dalla Gran Bretagna"
Comecon;"Con quale denominazione era noto il ""Consiglio di Mutuo Aiuto Economico"" tra le Repubbliche socialiste sovietiche? ";"Ceka|Comintern|Patto di Varsavia"
Sarajevo;"Il celebre attentato che provocò la prima guerra mondiale si verificò nella città di:";Budapest|Fiume|Praga
Socialista;"A quale dei seguenti partiti appartenne il presidente Sandro Pertini?";Comunista|Liberale|Repubblicano
"agli Israeliani";"L'""Intifada"" è la sollevazione popolare che oppone i Palestinesi:";"agli Iraniani|ai Siriani|ai Talebani"
"a Pearl Harbor";"Il primo attacco giapponese agli USA durante la seconda guerra mondiale fu:";"a Cuba|alla Baia dei Porci|alle Piccole Antille"
"Dopo la prima guerra mondiale";"In quale periodo venne proclamata l'Unione delle Repubbliche Socialiste Sovietiche?";"Dopo la seconda guerra mondiale|Durante la conferenza di Yalta|Durante la guerra di Crimea"
Tito;"Il leader della resistenza jugoslava alle forze di occupazione naziste fu:";Franco|Milosevich|Stalin
"Tra la fine degli anni Quaranta e la fine degli Ottanta";"In quale periodo del XX secolo si colloca la Guerra fredda?";"Negli anni Novanta|Negli anni Trenta|Tra la fine degli anni Venti e la metà dei Cinquanta"
Italia;"Durante la seconda guerra mondiale, in quale Paese si trovava la ""linea gotica""?";Francia|Germania|Russia
1930-1940;"In quale decennio del XX secolo si colloca la ""grande depressione"" che colpì gli Stati Uniti";1900-1910|1910-1920|1940-1950
Austria-Ungheria;"Quale delle seguenti nazioni era alleata della Germania nella prima guerra mondiale?";Francia|Portogallo|Serbia
"Stati Uniti d'America";"Con quale dei seguenti Stati era alleata l'Unione Sovietica nella seconda guerra mondiale?";Portogallo|Spagna|Svizzera
1917;"A quale anno risale l'inizio della Rivoluzione russa?";1848|1907|1945
"dell'Austria contro l'Italia";"La Strafexpedition (spedizione punitiva), iniziata il 15 maggio 1916, era un'operazione militare:";"della Francia contro la Russia|della Germania contro la Francia|della Russia contro la Gran Bretagna"
"Francesco Giuseppe";"Quale dei seguenti sovrani europei morì durante la prima guerra mondiale?";"Guglielmo II|La regina Vittoria|Vittorio Emanuele III"
Svizzera;"Quale delle seguenti nazioni fu neutrale nella prima guerra mondiale?";Austria-Ungheria|Belgio|Romania
Olanda;"Quale delle seguenti nazioni fu neutrale nella prima guerra mondiale?";Austria-Ungheria|Italia|Russia
"Gran Bretagna";"L'operazione ""Leone Marino"", preparata da Hitler nel 1940, contro quale Paese era rivolta?";Francia|Giappone|Italia
Francia;"Quale delle seguenti nazioni era alleata dell'Italia nella prima guerra mondiale?";Austria|Germania|Turchia
"novembre 1918";"Alla fine della prima guerra mondiale, l'Austria-Ungheria firmò l'armistizio con l'Italia nel:";"febbraio 1922|marzo 1920|settembre 1915"
Stalin;"Quale dei seguenti personaggi fu un leader politico dell'URSS?";Bubka|Ceaucescu|Pasternak
"Triplice Intesa";"Come era chiamata l'alleanza fra Francia, Gran Bretagna e Russia dei primi anni del Novecento? ";"Asse tripartitico|Doppia Alleanza|Intesa Cordiale"
Irlanda;"Dove si trova la regione dell'Ulster, teatro di violenti scontri di carattere politico e religioso?";"Francia|Inghilterra|Paesi Bassi"
"Nel 1942";"In quale anno si combatté la battaglia di Stalingrado?";"Nel 1939|Nel 1945|Nel 1946"
"L'alleanza politico-militare dell'Europa occidentale e del Canada con gli USA";"Cosa si intende per ""Patto Atlantico""?";"Il patto di alleanza tra tutte le Repubbliche Sovietiche in opposizione agli USA|Il patto tra Germania Est e URSS per reciproci accordi commerciali|Il trattato di non belligeranza tra URSS e USA"
"Patto di Londra";"Nel 1915 l'Italia entrò nella prima guerra mondiale sottoscrivendo il:";"Capitolare di Quierzy|Patto di Mosca|Trattato di Utrecht"
Spagna;"Quale delle seguenti nazioni fu neutrale nella prima guerra mondiale?";Germania|Russia|USA
Italia;"Con quale dei seguenti Stati era alleata la Francia nella prima guerra mondiale?";Austria-Ungheria|Bulgaria|Germania
"Roosevelt, Churcill e Stalin";"Alla conferenza interalleata di Teheran del 1943, chi partecipò in rappresentanza di Stati Uniti, Gran Bretagna e Unione Sovietica? ";"Eisenhower, Churchill e Stalin|Roosevelt, Lloyd George e Molotov|Wilson, Churcill e Molotov"
1991;"L'operazione militare ""Desert Storm"" contro il Presidente iracheno Saddam Hussein si svolse nel: ";1979|1980|2000
"un'agenzia dell'ONU che si occupa di combattere la fame nel mondo e sviluppare l'agricoltura";"La FAO è:";"un organismo per la promozione dell'istruzione nei Paesi in via di sviluppo|una divisione della CIA, l'agenzia di spionaggio statunitense|un'organizzazione internazionale di polizia"
"Si schierò con l'Intesa ma uscì dal conflitto nel 1917";"Durante la prima guerra mondiale, quale posizione assunse la Russia?";"Si alleò con la Spagna|Si schierò con l'Austria-Ungheria|Si schierò con l'Impero Ottomano"
Cecoslovacchia;"Nel 1919, tra i vari stati sorti dallo sfaldamento dell'Impero Austro-Ungarico, nacque la:";"Repubblica democratica turca|Repubblica di Weimar|Repubblica socialista polacca"
"Perché fu caratterizzata da scontri combattuti in trincea";"Perché la prima guerra mondiale viene definita guerra di logoramento?";"Perché fu combattuta con battaglie campali|Perché logorò psichicamente le popolazioni civili colpite dai continui bombardamenti aerei|Poiché comportò il deperimento di grandi quantità di materiale bellico e civile"
"Rimase neutrale";"Durante la prima guerra mondiale, quale posizione assunse la Spagna?";"Si alleò con l'Italia|Si schierò con la Germania|Si schierò con le potenze dell'Intesa"
"Gran Bretagna";"Con quale dei seguenti Stati era alleata la Russia nella prima guerra mondiale?";Austria-Ungheria|Bulgaria|Spagna
"Si schierò al fianco della Gran Bretagna e della Russia";"Durante la prima guerra mondiale, quale posizione assunse la Francia?";"Si alleò con la Spagna|Si schierò con la Germania|Si schierò contro l'Intesa"
"Gran Bretagna";"Con quale dei seguenti Stati erano alleati gli Stati Uniti d'America nella prima guerra";Austria-Ungheria|Bulgaria|Spagna
Italia;"Con quale dei seguenti Stati era alleata la Gran Bretagna nella prima guerra mondiale?";Austria-Ungheria|Bulgaria|Germania
"gli Imperi centrali";"Nel 1917, il governo bolscevico firmò un armistizio con:";"|i Paesi dell'Intesa|"
"inflissero una pesante sconfitta all'Italia";"Nel 1917, a Caporetto gli Austro-Tedeschi:";"firmarono un armistizio|furono sconfitti dall'Italia|subirono una pesante controffensiva da parte dell'Intesa"
"Germania e Austria-Ungheria";"Durante il primo conflitto mondiale, gli ""Imperi centrali"" erano:";"Germania e Russia|Gran Bretagna e Francia|Svizzera e Belgio"
"Missili terra-aria";"Quale delle seguenti armi non fu usata nel corso della prima guerra mondiale?";"Aerei da combattimento|Gas asfissianti|Sottomarini"
"al Piave";"Nel 1917, la penetrazione austriaca nei confini italiani arrivò fino:";"a Mantova|a Ravenna|a Venezia"
"lo sbarco in Normandia";"Per D-Day, durante la seconda guerra mondiale, si intende:";"la spedizione punitiva contro l'alleato traditore|lo sbarco in Sicilia|lo sfondamento della linea Maginot"
"Teheran, Yalta e Potsdam";"Al termine della seconda guerra mondiale, vi furono le tre conferenze di:";"Bretton Woods, Vichy e Teheran|Liverpool, Berlino e Mosca|Mosca, Washington e Potsdam"
aereo;"Nel 1940 si svolse la ""battaglia d'Inghilterra"" che fu uno scontro:";navale|sottomarino|terrestre
1933;"L'ascesa al potere di Hitler avvenne nel:";1923|1938|1945
Italia;"Quale delle seguenti nazioni era alleata dell'Intesa nella prima guerra mondiale?";Austria|Germania|Turchia
Bulgaria;"Quale delle seguenti nazioni era alleata della Germania nella prima guerra mondiale?";"Francia|Italia|Nuova Zelanda"
Roosevelt;"Quale Presidente degli Stati Uniti d'America inaugurò un ""nuovo corso"" (il cosiddetto ""New Deal"") della storia statunitense negli anni Trenta del XX secolo? ";Hoover|Nixon|Wilson
1914;"Durante la prima guerra mondiale, la Francia entrò in guerra contro gli Imperi centrali nel:";1912|1915|1917
"Negli anni sessanta del Novecento";"In quale periodo in diverse regioni africane finì il colonialismo europeo?";"Durante la prima guerra mondiale|Negli anni novanta del Novecento|Nel primo decennio del Novecento"
"all'attacco degli aerei giapponesi contro la flotta americana ancorata a Pearl Harbor";"Il 6 dicembre del 1941, gli Stati Uniti scesero in guerra contro il Giappone in seguito:";"alla battaglia navale di Leyte|alla vittoria degli inglesi a El Alamein sulle truppe italiane e tedesche|allo scontro navale di Midway"
"URSS e governi dell'Europa centro-orientale";"Quali Paesi, dal 1955 al 1991, sono stati legati dal patto di Varsavia?";"Unione Europea e USA||"
"dell'uccisione di John F. Kennedy";"Lee Harvey Oswald fu accusato:";"dell'uccisione di Malcolm X|dell'uccisione di Martin Luther King|di essere una spia cinese"
Cuba;"Nel 1959 Fidel Castro conquistò il potere in un'isola vicina alle coste statunitensi. Quale?";"Guadalupa|Haiti|Santo Domingo"
1968;"Martin Luther King venne assassinato nel:";1956|1970|1978
1963;"A partire da quale anno gli USA intervennero direttamente nella guerra del Vietnam?";1945|1952|1981
Dallas;"In quale città venne ucciso J. F. Kennedy?";"Boston|Los Angeles|New York"
"rimase neutrale";"La Spagna, durante la seconda guerra mondiale:";"entrò in guerra al fianco degli Alleati solo quando fu certa della partecipazione degli Stati Uniti|entrò in guerra al fianco di Germania e Italia|si schierò con Francia e Gran Bretagna"
"Una linea fortificata lungo il confine sudorientale francese";"Che cosa era la ""linea Maginot""?";"Il confine tra l'Italia liberata dagli Alleati e la parte ancora soggetta ai nazisti|Il nuovo confine della Germania dopo l'annessione dell'Austria|Una linea di moda francese diffusasi durante la seconda guerra mondiale"
"Malcolm X";"Quale dei seguenti personaggi fu un leader del gruppo afroamericano dei ""Musulmani Neri""? ";"Martin Luther King|Mike Tyson|Muhammad Ali"
"Woodrow Wilson";"Quale politico statunitense aveva redatto, al termine della prima guerra mondiale, un programma in ""14 punti"" per la costruzione di un nuovo equilibrio mondiale, basato sulla collaborazione tra le nazioni?";"Dwight D. ""Ike"" Eisenhower|Franklin Delano Roosevelt|Winston Churchill"
"Iosif Stalin";"Quale tra i seguenti personaggi, oltre a Winston Churchill e a Franklin Delano Roosevelt, era presente nel 1945 alla Conferenza di Jalta? ";"Benito Mussolini|Édouard Daladier|Nikita Kruscev"
"dopo la prima guerra mondiale";"L'Impero ottomano cessò di esistere:";"al termine dell'invasione sovietica dell'Afghanistan|dopo la seconda guerra mondiale|insieme alla Repubblica di Venezia"
"Fulgencio Batista ";"Nel 1959, il cubano Fidel Castro spodestò:";"Emiliano Zapata|Ernesto Che Guevara|Juan Domingo Peron"
1980-1990;"In quale dei seguenti decenni si svolse la guerra tra Iran e Iraq?";1920-1930|1950-1960|1970-1980
"Stati Uniti";"Quale tra i seguenti Stati entrò per ultimo nella prima guerra mondiale?";"Francia|Gran Bretagna|Italia"
"uscì dal primo conflitto mondiale ";"Con il trattato di Brest-Litovsk, la Russia del 1918:";"decise di entrare nella prima guerra mondiale|sancì un'alleanza con gli Imperi centrali|stipulò un'alleanza con i Paesi dell'Intesa"
Versailles;"Il trattato di pace con la Germania al termine della prima guerra mondiale fu firmato a:";Berlino|Londra|Roma
"Consiglio di operai e soldati";"Qual è il significato del termine ""soviet"", utilizzato nel corso della rivoluzione russa?";"Assemblea costituente|Consiglio dei burocrati|Organo di autogoverno militare"
"Al Patto Atlantico";"A quale organizzazione si contrapponeva il Patto di Varsavia?";"Al Comecon|Alla FAO|All'ONU"
"Winston Churchill";"Quale, tra i seguenti uomini politici, era presente alla conferenza di Yalta del 1945?";"Charles De Gaulle|John Fitzgerald Kennedy|Lenin"
"Disobbedienza civile";"Come venne definita la politica promossa da Ghandi in India?";"Attesa silenziosa|Sciopero a oltranza|Transizione pacifica"
1975;"La guerra del Vietnam terminò con il ritiro degli Americani da Saigon, oggi Ho Chi Minh, nel:";1945|1950|1967
Francia;"Con quale dei seguenti Stati era alleata la Gran Bretagna nella seconda guerra mondiale?";Germania|Giappone|Ungheria
"Lungo l'Appennino tosco-emiliano";"Nel corso della seconda guerra mondiale, dove si trovava la cosiddetta ""linea gotica""?";"A fronteggiare il percorso della linea Maginot francese, in territorio tedesco; era nota anche come linea Sigfrido|Lungo i Pirenei|Sul confine tra la Germania e i suoi Stati cuscinetto dopo il 1940"
"Negli anni Ottanta";"In quale decennio del XX secolo l'AIDS si è diffuso a livelli mondiali?";"Negli anni Cinquanta|Negli anni Venti|Non è possibile determinarlo in base ai dati attualmente disponibili"
Russia;"Nel 1915 l'Italia si schierò con Gran Bretagna, Francia e con quale dei seguenti Paesi?";Bulgaria|Germania|Spagna
"Rimasero neutrali";"Quale posizione assunsero gli Stati Uniti allo scoppio della seconda guerra mondiale? ";"Si allearono con la Germania|Si allearono con l'Italia|Si allearono con l'URSS"
"gli Stati Uniti entrarono nel conflitto";"Il 6 aprile 1917 è una data importante nel contesto della prima guerra mondiale perché:";"il Giappone capitolò|la Germania capitolò|venne siglata la pace tra Russia e Germania"
"Unione Sovietica";"Con quale dei seguenti Stati era alleata la Gran Bretagna nella seconda guerra mondiale? ";Germania|Giappone|Svizzera
"Stati Uniti";"Quale tra le seguenti potenze intervenne per ultima nella prima guerra mondiale?";"Francia|Germania|Regno Unito"
"russi e tedeschi";"La pace di Brest-Litovsk del 3 marzo 1918 venne firmata tra:";"francesi e bulgari|inglesi e tedeschi|italiani e austriaci"
"Winston Churchill";"Quale uomo politico divenne Primo Ministro britannico nel 1940?";"George Gladstone|Gustav Stresemann|Woodrow Wilson"
Germania;"Contro quale dei seguenti Stati era schierata la Gran Bretagna nella prima guerra mondiale?";"Italia|Nessuno degli Stati riportati nelle altre alternative|Romania"
"la legislazione antisemita promulgata dal regime nazista";"Le ""Leggi di Norimberga"" furono:";"la Costituzione del Terzo Reich|la normativa in base alla quale furono processati i capi nazisti al termine della seconda guerra mondiale|le norme di ratifica dell'alleanza italo-tedesca"
"Germania e Russia";"Quali Stati firmarono la pace di Brest-Litovsk, il 3 marzo 1918?";"Germania e Francia|Polonia e Germania|Ungheria e Polonia"
"Francia, Gran Bretagna e Russia";"Alla vigilia della prima guerra mondiale, la Triplice intesa era costituita da:";"Austria-Ungheria, Germania e Turchia|Francia, Gran Bretagna e Italia|Russia, Francia e Italia"
Roma;"In quale capitale europea fu siglato nel 1957 il Trattato che segnò la nascita della Comunità Economica Europea? ";Atene|Bruxelles|Parigi
"favorire la resistenza inglese, con aiuti economici, potenziandone la flotta e l'aviazione";"La politica di Roosevelt, Presidente degli Stati Uniti d'America quando ancora non erano coinvolti nel conflitto mondiale, nel 1940 mirava a:";"affermare un dominio coloniale sui territori sovietici, scorporandoli in protettorati|apportare ingenti aiuti militari alla Germania assecondando i suoi obiettivi espansionistici|isolare l'Inghilterra dai suoi dominions"
"Si schierò con Hitler fino all'armistizio del 1943";"Durante la seconda guerra mondiale, quale posizione assunse l'Italia?";"Si alleò con la Spagna|Si schierò contro la Germania sin dal 1939|Si schierò subito con gli Anglo-Francesi"
"Entrò in guerra a fianco dei Tedeschi";"Durante la seconda guerra mondiale, quale posizione assunse il Giappone?";"Si alleò con la Spagna|Si schierò con gli Alleati|Si schierò con la Francia"
"Roosevelt, Churchill e Stalin";"Chi furono i capi di Stato che si incontrarono nella Conferenza di Jalta nel 1945?";"De Gaulle, Wilson e Breznev|Vittorio Emanuele III, Truman e Churchill|Wilson, Lloyd George e Clemenceau"
Italia;"Quale delle seguenti nazioni era alleata della Francia nella prima guerra mondiale?";Austria-Ungheria|Germania|Turchia
Inghilterra;"Quale fra i seguenti Paesi, durante la seconda guerra mondiale, resistette alle incursioni militari della Germania?";Danimarca|Finlandia|Norvegia
Germania;"Contro quale dei seguenti Stati era schierata l'Unione Sovietica nella seconda guerra mondiale? ";"Canada|Gran Bretagna|Portogallo"
Polonia;"Nel 1939, quale tra i seguenti Paesi fu invaso dalla Germania?";Austria|Cecoslovacchia|URSS
Germania;"In quale dei seguenti Paesi si trovava il campo di sterminio di Buchenwald?";Austria|Polonia|Romania
Bolscevichi;"Quale dei seguenti gruppi politici era guidato da Lenin durante la Rivoluzione d'Ottobre del 1917? ";Menscevichi|Populisti|Socialisti-rivoluzionari
1989;"A quale anno risale la caduta del muro di Berlino?";1948|1972|1994
Svezia;"Quale dei seguenti Stati era neutrale nella seconda guerra mondiale?";Francia|Germania|Giappone
Comunisti;"Quali partiti europei animarono la Terza Internazionale?";Popolari|Repubblicani|Socialdemocratici
Ungheria;"Contro quale dei seguenti Stati era schierata la Gran Bretagna nella seconda guerra mondiale?";"Canada|Francia|Unione Sovietica"
"Nel 1917";"In quale anno lo zar Nicola II di Russia fu costretto dai rivoluzionari bolscevichi ad abdicare?";"Nel 1901|Nel 1927|Nel 1945"
Eisenhower;"Quale generale diresse lo sbarco in Normandia il 6 giugno 1944?";"Chamberlain|De Gaulle|Mihailovic"
Rommel;"Durante la seconda guerra mondiale, chi comandò il corpo di spedizione tedesco in Africa?";Goering|Montgomery|Patton
"6 giugno 1944";"Lo sbarco alleato in Normandia, in codice D-Day, avvenne il:";"25 agosto 1942|25 aprile 1948|9 settembre 1936"
"la Germania";"Il governo francese di Vichy, durante la seconda guerra mondiale, era alleato con:";"la Gran Bretagna|l'Italia|l'Unione Sovietica"
Spagna;"Quale dei seguenti Stati rimase neutrale nella prima guerra mondiale?";Austria-Ungheria|Inghilterra|Russia
"Pearl Harbor";"In quale località l'aviazione giapponese attaccò, alla fine del 1941, la flotta degli Stati Uniti?";"Cape Cod|Formosa|San Francisco"
Giappone;"Contro quale dei seguenti Stati era schierata la Gran Bretagna nella seconda guerra mondiale? ";"Cina|Spagna|Unione Sovietica"
"Jurij Gagarin";"Chi fu il primo uomo nello spazio?";"John Glenn|Jurij Andropov|Mikhail Gorbaciov"
"l'Organizzazione per la Liberazione della Palestina";"L'OLP è:";"l'Organismo per la Liberalizzazione del Petrolio|l'Organizzazione dei Lavoratori Palestinesi|l'Organizzazione per la Lotta alla Povertà"
"non esisteva";"Durante la prima guerra mondiale, la Cecoslovacchia:";"era alleata dei Paesi della Triplice Alleanza|era alleata dei Paesi della Triplice Intesa|era neutrale"
"le truppe italo-tedesche furono sconfitte da quelle britanniche";"A El Alamein, nel novembre 1942:";"i britannici subirono una pesante sconfitta dalle forze dell'Asse|i francesi e i britannici si scontrarono per conquistare l'Egitto|i tedeschi soccorsero gli italiani in difficoltà contro l'esercito egiziano"
"L'attacco giapponese alla flotta americana stanziata a Pearl Harbor";"Quale avvenimento provocò l'entrata degli USA nella seconda guerra mondiale?";"La decisione dell'URSS di entrare nel conflitto|La disfatta della Francia|Un attentato al Presidente americano a New York"
"anglo-americani e giapponesi";"Nella seconda guerra mondiale, gli scontri aeronavali nel Pacifico videro prevalentemente impegnati: ";"cinesi e giapponesi|francesi e sovietici|sovietici e tedeschi"
"i tedeschi furono sconfitti dai sovietici";"Nel 1943, a Stalingrado, al termine di un lungo assedio:";"gli anglo-americani annientarono i giapponesi|gli italiani ottennero una schiacciante vittoria|i sovietici furono sconfitti dai tedeschi"
"Chiang Kai-shek";"Chi era il leader nazionalista cinese che combatté i comunisti di Mao Tse-tung fino a quando fu definitivamente sconfitto e venne fondata la Repubblica Popolare Cinese?";"Deng Xiao-ping|Kuo Min-tang|Sun Yat-sen"
"Hiroshima e Nagasaki";"Quali sono le due città sulle quali gli Americani, nell'estate 1945, lanciarono la bomba atomica:";"Okinawa e Hiroshima|Shangai e Nagasaki|Tokyo e Hiroshima"
1939;"Il patto Ribbentrop-Molotov fu stipulato da Germania e URSS nel:";1898|1917|1946
Svezia;"Quale dei seguenti Stati era neutrale nella seconda guerra mondiale?";"Francia|Gran Bretagna|Ungheria"
Svezia;"Quale dei seguenti Stati era neutrale nella seconda guerra mondiale?";Francia|Giappone|Italia
Ungheria;"Contro quale dei seguenti Stati era schierata l'Unione Sovietica nella seconda guerra mondiale?";"Francia|Gran Bretagna|Stati Uniti d'America"
Giappone;"Contro quale dei seguenti Stati era schierata l'Unione Sovietica nella seconda guerra mondiale?";"Portogallo|Spagna|Stati Uniti d'America"
Ungheria;"Con quale dei seguenti Stati era alleata la Germania nella seconda guerra mondiale?";Portogallo|Spagna|Svizzera
03/09/1939;"Francia e Gran Bretagna dichiararono congiuntamente guerra alla Germania il:";06/03/1938|10/05/1940|19/11/1946
;;
;;
